sampleid	Axis_1	Axis_2	Axis_3
CD1_T1_B1	-0.037520964382895	0.06346951958985	0.046828648922897
CD1_T2_B1	0.009015695381611	0.068910978740981	-0.016400468027903
CD16_T1_B3	-0.035132287765563	0.048938759317395	0.052371881891729
CD16_T2_B3	-0.005637883705516	0.078308726124158	-0.021319557834352
CD16_T3_B3	-0.03694212360875	0.108398643848033	0.012429603651681
CD17_T1_B7	0.001616387157388	0.080916952255461	0.021365248410253
CD17_T3_B7	0.105136521851166	-0.031682940857084	0.007098316530597
CD17_T4_B7	-0.006191872401362	0.077539265600831	-0.032029999984981
CD27_T1_B7	-0.00823892090281	0.011325932515595	-0.063726251022768
CD27_T2_B7	0.029477903863005	0.006598440056049	-0.06157947062969
CD27_T3_B7	0.008130335740796	0.066147308468215	-0.040607078765881
CD28_T1_B7	0.087454167949892	-0.024724829258619	0.100398158992297
CD28_T2_B7	0.03216020553891	0.002305439859843	0.136922785560507
CD28_T4_B7	0.059627802256505	0.069127128706852	-0.076746679482712
CD35_T1_B7	0.008478986849121	0.055029910048038	0.087600719869632
CD35_T2_B7	0.028591024138033	0.017506977547949	0.101078382370029
CD35_T3_B7	0.094290675459279	0.041515944529591	0.012908576506164
CD35_T4_B7	0.026231792029165	0.139738179041343	-0.004062754013489
CD38_T1_B7	0.0198340542009	0.015159562362635	0.012216294168056
CD38_T2_B7	0.029521004241101	-0.00622028167745	0.020273056489342
CD38_T4_B7	0.037534910138265	0.033093061749886	0.067109017497382
CD38_T5_B7	0.082869510504313	0.050109508642614	0.017965683228269
CD5_T1_B2	0.074644264127344	0.00885081772892	-0.011834224699483
CD5_T2_B6	0.009899167322916	0.07875982736571	0.031523828106859
CD5_T3_B6	-0.018473029743996	0.104095021941893	-0.038826351215032
DONOR2_T1_B4	-0.024746410911248	0.057201470060106	-0.076387160325051
DONOR2_T2_B2	-0.030551195268174	0.067467362611863	-0.049329043606525
DONOR3_T1_B1	0.035543705679415	0.07210743314052	0.017788882395528
DONOR3_T2_B2	-0.025793943102712	0.07650052376706	0.06397671411311
DONOR3_T3_B6	0.009350178043736	0.092798832276482	0.082253806986372
DONOR7_T1_B8	-0.024247649538301	0.089086261076782	-0.038707947414912
DONOR7_T2_B8	-0.012142552637571	0.109098298173802	-0.112529272981097
SFM028_T1_B1	0.053447861449858	0.068453802959015	0.146499961868587
SPORT17_T1_B3	-0.054956692061167	0.045606229517758	0.107397813037248
SPORT4_T1_B8	-0.015742827103832	0.068946959700972	0.088098195951706
UC15_T1_B3	0.107361743697447	0.082894720839029	0.031479433554502
UC15_T2_B3	-0.000758602799461	0.03766857091295	-0.010997053834714
UC15_T3_B3	0.017631444430972	0.057736663116703	-0.034750121300457
UC15_T4_B3	-0.061715178370028	0.067639283692483	0.045857841933394
UC15_T5_B5	-0.019888292187127	0.04088816704055	-0.028539933175735
UC22_T1_B6	0.101169190119243	0.051252640946943	0.055947841316171
UC22_T2_B6	0.055159690839399	0.086857161581745	0.009300387877208
UC22_T3_B6	-0.004572063665385	0.078108770947669	0.046923690031458
UC22_T4_B6	-0.063102789373852	0.060337200812651	0.051715095886954
UC22_T5_B6	-0.055753299714487	0.061659545736855	-0.009711956054143
UC3_T1_B1	0.048863325303658	-0.002160168846788	0.038681642225214
UC3_T3_B4	-0.062061094043809	0.063632674135344	-0.019510094943369
UC3_T5_B5	-0.020919192886483	0.073856148213279	-0.095056869319016
UC33_T1_B7	0.056490235013216	0.062527638970545	-0.006634621927018
UC33_T2_B7	0.040547321949717	0.03988069806825	0.02386958809664
UC33_T3_B7	0.049512606294859	0.088308839030884	0.028153598130775
UC33_T4_B7	0.04536095161221	0.099038054917893	-0.019415229118114
UC36_T1_B7	-0.020669487777454	0.009228550128241	0.051328784221028
UC36_T2_B7	-0.007209227635382	0.029181913322828	0.031838477092074
UC36_T3_B7	0.026406258791705	0.085143653105232	0.007495839183828
UC36_T4_B7	0.024021855419872	0.106844074294157	-0.024942577964869
UC7_T1_B2	0.094086179350901	0.040528952660915	0.013220354795687
UC7_T2_B2	0.084784030604693	0.054581723819121	-0.041609902971144
UC7_T3_B2	0.091815387957847	0.047953539907393	0.014180408670265
UC8_T1_B2	0.016181658175104	0.042427726307284	0.093823714643161
UC8_T2_B2	0.01315397355281	0.04368549794193	0.131028698773106
UC8_T3_B4	-0.023122014317645	0.093163932013783	0.079228410376231
SRR6468499	-0.064343934105218	0.02323897435936	0.008245638964765
SRR6468500	-0.046388155120784	-0.02259181343888	-0.042242208604975
SRR6468501	0.082833099096859	0.016441956383912	-0.007561107630086
SRR6468502	0.081479717797195	-0.015480593422031	-0.024860959259645
SRR6468503	-0.066607971319588	0.031564836604222	-0.079689029883261
SRR6468504	0.034048513570607	-0.006525681936168	0.008782101390289
SRR6468505	-0.023604217137097	-0.048475818714905	0.122021339681273
SRR6468506	-0.047370354936573	-0.008171428390372	0.025085809476407
SRR6468507	-0.060958054311394	-0.058988966462751	-0.110055951874088
SRR6468508	-0.033844392700976	-0.025707821311284	0.053674754676734
SRR6468509	-0.050137989955897	0.037712655939277	0.042878841905642
SRR6468510	0.001447555805038	0.055898373040837	0.103306664782516
SRR6468511	0.031827068772499	0.011013661308908	0.012872830929243
SRR6468512	-0.036502403739477	0.027774208723798	-0.007107558251807
SRR6468513	-0.013515351012791	-0.030152163396142	0.076684071618365
SRR6468514	-0.059539177206354	0.047364287621062	-0.015130662226085
SRR6468515	-0.054181194423299	-0.003105770779756	-0.02566581502145
SRR6468516	-0.058060927492715	-0.008309319110493	-0.03029446272193
SRR6468517	0.036495362799866	-0.016120258217986	-0.111223410916732
SRR6468518	-0.019126845094162	-0.010374250270304	-0.020478121228308
SRR6468519	-0.037806291011719	0.064110754261225	-0.052239938437165
SRR6468520	-0.013826996704174	-0.111637308982911	-0.008680212742209
SRR6468522	-0.063678638723981	-0.077975025382637	0.001374882762512
SRR6468523	-0.066889437926634	-0.061356321664015	0.097398998902874
SRR6468524	-0.050691751498556	0.007455931560897	-0.042944026940955
SRR6468525	-0.00490885371686	-0.080026424769559	-0.031339922591321
SRR6468526	0.055958056487273	-0.135388740411316	-0.036902414616239
SRR6468527	0.040963375172479	-0.000642934333342	0.068588226570555
SRR6468528	-0.057894228820543	0.009946009471466	0.033894642470153
SRR6468529	-0.011121805293115	0.039308725055444	-0.055710144611136
SRR6468530	-0.084475378588661	0.006366400467901	0.026065786793036
SRR6468531	-0.041180475726908	-0.031844652617074	-0.029720420199319
SRR6468532	-0.0674205748254	-0.100966310706453	-0.013045921909215
SRR6468533	-0.045529457376382	0.007569350894057	0.00903865975659
SRR6468534	-0.072712103826365	-0.076151629113669	-0.023716125315101
SRR6468535	0.001154751016453	0.042780669383035	0.041014597421828
SRR6468536	-0.022074946844777	0.038521430763424	-0.022643640830893
SRR6468537	-0.041586686479655	0.066084564121181	0.058390177522792
SRR6468538	-0.029544077489028	0.092677451573007	-0.023272145824357
SRR6468539	0.040906112124222	-0.061647402888569	-0.008847629048403
SRR6468540	-0.070541148975116	-0.069037129435839	-0.006124564029283
SRR6468541	-0.035698169456732	0.028043774708978	-0.085247724364421
SRR6468542	-0.0232974760112	0.007681038771036	0.034138507879607
SRR6468543	-0.023154746972949	0.014731817451949	-0.146217510421919
SRR6468544	-0.032149115145952	0.040758460040653	-0.041553497778299
SRR6468545	-0.026216648386532	0.028425180839595	-0.077257619924892
SRR6468546	-0.070737248085815	0.016212884631199	-0.068715237404692
SRR6468547	-0.031369916792162	0.034327395258857	-0.027450281727685
SRR6468548	-0.064649987432581	0.0333924809265	-0.046259905225319
SRR6468549	0.043627985050257	-0.095759414533551	-0.074319893673576
SRR6468550	-0.01243589683228	0.030444955333559	-0.122331470732601
SRR6468551	0.002456055535766	0.050263099860953	-0.002493677497602
SRR6468552	-0.033833304903683	-0.011573314288702	-0.039152698681194
SRR6468553	-0.010993110988107	0.034255198329565	-0.054261761365808
SRR6468554	0.052664143444519	-0.002202081294768	0.003439746230793
SRR6468555	-0.007774398145897	0.004296359516349	-0.053486716136198
SRR6468556	-0.01604071270961	-0.091319343158062	0.019819853097993
SRR6468557	0.037755543453975	-0.075929249855044	0.018271588017625
SRR6468558	-0.031117509216431	0.015636424694004	-0.058900093163061
SRR6468559	-0.035224565052657	-0.040559297697169	0.04182547604656
SRR6468560	-0.039624561488403	-0.013695697441073	0.015344283195047
SRR6468561	-0.020957413755476	0.009166306750831	0.049265829249798
SRR6468562	0.125188889015144	0.066128148117994	-0.003874297170522
SRR6468563	0.12667778941985	0.038635413679997	-0.005484462469663
SRR6468564	0.002038781613428	-0.047025244431602	0.025786580284018
SRR6468565	-0.035898494629782	-0.100654499550159	-0.016270529666285
SRR6468566	-0.050630855695474	-0.014594340943357	0.008835425333173
SRR6468567	-0.025491370171365	0.007277305602491	-0.092548417706203
SRR6468568	0.062578344384703	-0.031226267077597	-0.040028917406399
SRR6468569	-0.024774484832863	-0.022489804585609	-0.126298976063715
SRR6468570	-0.007110482868954	0.042409148724165	0.018697490875675
SRR6468571	0.021760190363123	-0.105590734964816	-0.020449144650997
SRR6468572	0.124384228587295	0.015813360756312	0.030171378764468
SRR6468573	-0.018119853962787	-0.037720870318063	-0.17138458048733
SRR6468574	-0.028957123758671	0.052531119072468	-0.014103003368371
SRR6468575	0.042203632134416	-0.109247113364318	0.053548264977119
SRR6468576	-0.032620229128893	0.028317116139859	0.05001202207686
SRR6468577	-0.055867502151811	-0.023609328494636	-0.110791839514563
SRR6468578	-0.057445356292567	0.020156539006916	-0.062474277346763
SRR6468579	-0.049724204419357	-0.122955768018514	0.036337656236465
SRR6468580	0.0677181269318	-0.010289909211406	0.038994440847629
SRR6468581	0.001298124217428	-0.07083237698632	-0.000554359515598
SRR6468582	0.067430006670445	-0.093103731487754	-0.061986953345864
SRR6468583	0.082560467852042	-0.067851540928269	0.000608724258273
SRR6468584	0.00379180024116	0.0158834638935	0.061909974984212
SRR6468585	0.008001872208714	-0.10245069849754	0.078320796250463
SRR6468586	0.174058616699382	-0.035541116867696	-0.047550429829537
SRR6468587	0.029230599582879	-0.099782352211018	-0.047099089275271
SRR6468588	-0.059432917757853	0.003579452038481	-0.010200051201281
SRR6468589	0.095132290342243	0.061035315937144	0.021145241218762
SRR6468590	-0.017215057434419	-0.05028284486145	-0.013260921440561
SRR6468591	0.1846940965551	0.035590580135298	-0.02822258862538
SRR6468592	0.020351537360994	-0.016089732032865	0.039349724677126
SRR6468593	0.011019471418239	0.011194953679726	-0.045098939955261
SRR6468594	-0.040995638761812	-0.040161527710495	0.032068658159045
SRR6468595	0.08229698463601	0.027831846685257	0.014744884208099
SRR6468596	0.077374510054884	-0.005154342190531	0.027160848594726
SRR6468597	-0.090288787310931	-0.021760930623291	0.020344336199172
SRR6468598	-0.004789406489004	-0.070365471153055	-0.082019369251103
SRR6468599	-0.088919484987608	-0.026094098976609	-0.039312021514982
SRR6468600	-0.044944899758996	-0.012915635397734	-0.086332227320284
SRR6468601	-0.046825275194754	-0.121773368952325	-0.013138996166986
SRR6468602	0.111392036893051	-0.002776087965661	-0.03364629091923
SRR6468603	-0.051267007418879	-0.004752038395592	-0.059292265759793
SRR6468604	-0.065679916855395	0.021734618081905	0.011788734077071
SRR6468605	-0.04323642868662	-0.011598648937747	0.109804952175149
SRR6468606	0.002928315162982	-0.146234159231757	0.061750421140263
SRR6468607	-0.055130815821346	0.028548014804391	0.000544849167749
SRR6468608	0.000151885488677	-0.065674021098977	-0.115158090976057
SRR6468609	0.055942421459978	-0.076444754849621	-0.031733738878828
SRR6468610	0.057969560640563	0.006595035645213	0.146293504427794
SRR6468611	-0.07050211582438	-0.022491834340369	0.126981625817324
SRR6468612	0.089672779575566	-0.152729051477939	0.084242879835995
SRR6468613	-0.067382234467264	-0.046081339511149	0.073739387787598
SRR6468614	-0.079412044846881	0.010199324435756	-0.032505129567801
SRR6468615	-0.044419014435031	-0.066747835299442	-0.008839871191477
SRR6468616	-0.053085031365029	0.1123766259299	0.019904296014531
SRR6468617	-0.084433740958714	0.006192840938274	0.039297484008533
SRR6468618	0.109059131059191	-0.057725176450852	0.002103815163653
SRR6468619	0.082853433227316	-0.053348404169143	0.073976386954444
SRR6468620	-0.016305543285587	-0.129726708186368	0.019152939869067
SRR6468621	-0.050807609672271	-0.020415160337044	-0.090314826098534
SRR6468622	-0.082603161469806	0.011157826264337	-0.017563456371894
SRR6468623	0.017217302695771	-0.064949111095768	-0.05659678448781
SRR6468624	0.085479900743474	-0.107326865400653	-0.044757905408245
SRR6468625	-0.041752462617312	-0.066951537063668	0.004573619927656
SRR6468626	-0.070600307254025	-0.054066074400264	0.001770013303835
SRR6468627	-0.037146816661264	0.012753653704504	-0.010295779683913
SRR6468628	-0.095131980100267	-0.011662225423987	0.057308709270306
SRR6468630	0.007858178431325	-0.017209368059252	0.003411677209457
SRR6468631	-0.019615224477281	-0.039157922898122	-0.111941373897816
SRR6468632	-0.070224423013951	-0.047386155788226	-0.014052246854087
SRR6468633	-0.07922725399933	-0.060910746311177	0.023257106142038
SRR6468634	-0.057940546098334	0.04363273259396	0.109172506198763
SRR6468635	-0.010037934747829	-0.072047268420368	0.012575736243004
SRR6468636	-0.073088176354632	0.032709143821167	0.092086756800968
SRR6468637	-0.005101418982567	-0.096123299887249	0.07750962624649
SRR6468638	0.114947873372747	0.010059143582925	-0.046229188083527
SRR6468639	-0.007883719746909	0.063421707268073	-0.109629079827177
SRR6468640	0.011810518535382	-0.069216595793576	-0.072859228901261
SRR6468641	-0.044795474964223	0.047250367013916	-0.043510784097621
SRR6468642	0.017157083746975	0.011040497385238	-0.001579838521488
SRR6468643	-0.003045666973214	-0.065010875174212	0.015128707080926
SRR6468644	-0.069221638724001	0.005042254593822	0.003985645132129
SRR6468645	-0.017243104882401	-0.025639810578108	-0.011087623467177
SRR6468646	-0.055904892842666	0.048679292853871	-0.030575548540375
SRR6468647	-0.02993740578061	0.059121376596589	-0.018032798975064
SRR6468648	-0.02862345298631	0.001360626216185	0.022029119664166
SRR6468649	-0.027406238528028	0.038354412672828	0.002942940088212
SRR6468650	-0.041707730724526	0.063867170687274	-0.069456705251589
SRR6468651	-0.028177990936285	0.028025444633793	0.004857574895517
SRR6468652	-0.039634336395442	0.026277396282568	-0.022740523030665
SRR6468653	0.042651990849333	-0.10151840350319	0.136654352929502
SRR6468654	0.164242523878597	0.043011144229335	-0.056754496353475
SRR6468655	-0.009019592930641	-0.076884790700175	-0.056683194239428
SRR6468656	-0.052228559280755	0.006717756313809	0.012071680188633
SRR6468657	-0.044283010075406	0.089267808344676	0.063913215223004
SRR6468658	-0.013694941507733	0.06441270740317	-0.130965198954885
SRR6468659	-0.06506001425792	0.024072328564505	0.071885897133703
SRR6468660	-0.058372539460001	-0.044318292482163	0.020335038854877
SRR6468661	0.173494444668739	0.007138543060099	0.011155729334867
SRR6468662	0.12700651198908	-0.078447705627139	-0.073919740060498
SRR6468663	0.167622128009461	-0.041574504202416	0.006833927644414
SRR6468664	0.178747319768841	-0.082357206229972	-0.094273316149828
SRR6468665	0.059452260553394	-0.068452550170274	-0.053481152523081
SRR6468666	0.002644011011955	-0.128030736159245	0.085330992147623
SRR6468667	0.042057381476958	0.0533720899785	0.080977636929678
SRR6468668	0.00863756305179	-0.122640314082044	-0.040191544520109
SRR6468669	0.009821327978153	-0.068979067401393	-0.075233001068407
SRR6468670	-0.073153567061796	-0.057918688339496	-0.019494577937298
SRR6468671	0.069001159970837	0.037728303267255	0.004810688301199
SRR6468672	0.166679809775365	0.069288270289274	-0.028572407916358
SRR6468673	-0.033723599523941	0.021185218868661	-0.104364697276407
SRR6468674	-0.052918682646199	-0.036773405680527	-0.060448930100565
SRR6468675	0.041033518006587	-0.009026469181687	-0.022754158166767
SRR6468676	0.004512960689063	-0.117397152058085	0.04576893304646
SRR6468677	0.11408693950234	0.054389204614724	0.152105379411715
SRR6468678	-0.06309905639791	0.027231336350611	-0.066551330116991
SRR6468679	-0.074585170055046	0.040737360180911	0.009736083065761
SRR6468680	-0.063562710113888	-0.057668557152172	-0.006873944223225
SRR6468681	-0.040750419406162	-0.107579489857728	-0.03951519263958
SRR6468682	0.028276263648358	-0.051004031456496	0.123784512415961
SRR6468683	-0.06165591656079	-0.054679861064794	0.068232879448998
SRR6468684	-0.053500918831453	-0.059657012751825	0.081342770365882
SRR6468685	-0.0201071545149	-0.102165262295942	-0.008901398258008
SRR6468686	-0.056137224655518	0.090024941074203	0.017983717143725
SRR6468687	-0.073063432636996	0.043634522631667	0.065669306822848
SRR6468688	-0.048461344973023	-0.089030106509194	0.081615643167183
SRR6468689	0.003728258553928	-0.146301817739985	-0.023473287068854
SRR6468690	0.161610040982373	-0.041292973539968	-0.125437057826131
SRR6468691	0.000215553120702	-0.08149956983841	0.11471442553674
SRR6468692	0.147430843994431	0.042342196279248	0.024218567181822
SRR6468693	0.003416535413442	-0.073366526046647	-0.064381141855036
SRR6468694	0.057767169682265	-0.019403691288833	0.031602037022623
SRR6468695	0.006224002750765	-0.108279298681674	0.001676102862067
SRR6468696	0.098077481733974	-0.022008912400797	0.025876770575637
SRR6468697	-0.040203651053729	-0.042970108745212	-0.070272244991074
SRR6468698	-0.044901211632482	0.007454120766433	0.011100604681667
SRR6468699	-0.066839612652543	-0.014833850703734	0.080899084142884
SRR6468700	0.148410995161487	0.041720403043828	0.039707418521646
SRR6468701	-0.024107602687676	-0.007523735657824	0.030775105487314
SRR6468702	0.011741983969747	0.104487673914275	-0.061103955506795
SRR6468703	0.027782158126094	-0.056241573141378	-0.035510579128581
SRR6468704	-0.030110192439768	0.01187231609193	-0.030430655037949
SRR6468705	0.014686474599835	0.008247144860214	0.056417343364407
SRR6468706	-0.083635961142186	-0.01977655932068	0.114231166945158
SRR6468707	0.003841095899386	0.013908998092899	-0.100950852931292
SRR6468708	-0.045297734880413	0.079955907529336	0.038347269199266
SRR6468709	-0.08602328761065	-0.018416478160841	0.046622148543719
SRR6468710	-0.021535225863265	0.072018343448651	-0.117763029630063
SRR6468711	-0.006673156132238	-0.002867686542939	0.026104732886249
SRR6468712	0.010562567696788	-0.019844796170924	-0.015447847072751
SRR6468713	0.045403313700635	-0.060551694087172	0.020430844160712
SRR6468714	-0.017705959158344	0.06351253158283	-0.104012357666129
SRR6468715	-0.028427673338044	-0.004651000627548	0.022111430666732
SRR6468716	-0.023369512485058	0.038708143449448	-0.035154568689655
SRR6468717	-0.002617969867574	0.013063272707002	0.026805712913359
SRR6468718	0.009902375305879	0.03051409379712	0.00651912986235
