featureid	Intercept	disease[T.IBS]	disease[T.UC]	gender[T.M]	donor_id_manual[T.DONOR2_T2_B2]	donor_id_manual[T.DONOR3_T1_B1]	donor_id_manual[T.DONOR3_T2_B2]	donor_id_manual[T.DONOR3_T3_B6]	donor_id_manual[T.DONOR7_T1_B8]	donor_id_manual[T.DONOR7_T2_B8]	donor_id_manual[T.SFM028_T1_B1]	donor_id_manual[T.SPORT17_T1_B3]	donor_id_manual[T.SPORT4_T1_B8]	donor_source[T.DONOR3]	donor_source[T.DONOR7]	donor_source[T.SFM028]	donor_source[T.SPORT17]	donor_source[T.SPORT4]	donor_gender[T.M]	status[T.BEFORE]	age	donor_age
#q2:types	numeric	numeric	numeric	numeric	numeric	numeric	numeric	numeric	numeric	numeric	numeric	numeric	numeric	numeric	numeric	numeric	numeric	numeric	numeric	numeric	numeric	numeric
TETQ	0.885564194705624	0.622328704079756	-2.97991707222312	-1.38360391825867	2.5567760082105	-5.16586226282211	2.36124483008797	1.63341838823488	1.79405817504113	1.62703528455817	-0.478735684632109	2.45775540287678	2.05170425185217	-0.383929602407779	2.84984169486695	-0.41044895307949	2.61855561873661	2.11926277440328	-2.01971828976933	-0.907219601651797	-0.220191134139895	0.506053454439657
TETW	0.627598629977841	1.11947954245485	-1.37141039268821	-0.696624207202918	-0.363235989012397	-2.24104613123032	1.82898620028908	3.40333075033358	1.53298950309937	0.996766055146089	-0.285659565805243	2.67039533074086	2.86573019036307	-0.574645615720119	2.81857367191249	-1.29075877325466	-0.661094115760464	1.85602958958883	-0.239967823422586	-1.31181375481761	-0.0929257553070784	0.264642632763403
CFX	-0.422011507961612	2.07997841187395	-2.4213595022425	1.23305643826293	3.59783776720556	-4.27425050792786	2.74956682582314	-0.240784578455182	-1.86175361161049	3.13645353368842	-2.97547364163284	2.35076215977852	-0.572240030679565	-0.306994460129107	3.86212883475953	-2.90718857901028	1.14469797751651	-0.504681508128459	-2.77892732659641	-1.90200395681537	-0.242346270009875	0.492565512854176
TETO	2.34511219122662	0.793588733157286	-1.43780901329368	-3.45150815219117	-0.397047081389106	-3.26739376840683	0.272107514337852	3.12319452272585	-2.11097255234535	0.620616221943727	-1.56784200596695	1.57324041540806	2.6029683590795	0.410316355920468	0.689468245541391	-1.49955527441433	3.30043221852527	3.20956166547078	0.560706257426108	-1.11905890502609	-0.152195444330573	0.286733380715864
ERMF	1.46937857725872	2.01732463189043	-6.86176874534934	-1.4619421389742	6.64882608374151	-11.0557362442979	4.62031737227853	-0.189404063356611	2.92884490008538	4.26533570341193	-0.414089164911554	4.95816810543721	3.70662649878516	1.79708636591498	2.9696394983285	-0.387863553630618	4.39494831702457	3.17748363774556	-2.41843307057682	-0.540870589992175	-0.441695524379611	0.661765000979918
ANT6	2.81963764288678	-0.849439675131669	-5.18901970283836	-2.97097550601197	3.8457506509641	-5.11940193233582	3.473341616587	1.56783130721977	2.24229282255356	0.00133850626074361	-0.148166596173094	2.38303996737187	3.66634234198584	-0.111436120771731	2.54857678297692	-1.28476767198971	3.99192459723697	2.0719534353568	-1.54605248609844	-1.44986571170963	-0.287910839542747	0.480231962363737
TET40	4.1339250669743	1.89601821251787	-1.25989332096427	-1.05530293554497	2.96100320538076	-2.16143053827378	2.11898269017155	2.20753318773439	-1.86310091500099	1.93535035304152	-1.23821973729019	2.33283986265843	3.21989294299139	2.3421608288056	4.61849651817017	-1.16993300573757	2.37505175015674	2.87785120766896	-0.365574956334268	-1.07764491238273	-0.101554473862052	-0.0568587116789646
ILES	-1.15537942788349	1.51155198164857	2.30178544624001	1.35410512715148	-1.66300157586542	-0.683133304692232	-1.29835757355277	0.724448389875201	-0.157393245742871	-3.29749855943597	-2.18683421540146	-2.55965582911785	1.49325540074362	-0.499037220680083	0.571329216992196	-2.11854688780239	-2.98613540985836	0.439217646534626	-0.698183298504983	-1.61169625618137	0.0442553926259279	0.0567389495778255
MDTF	-0.316686524364811	-1.03493266753279	1.74464891059548	0.945010078247063	-1.42893914262263	2.72329455556778	-3.04340347389762	-1.99312274946043	-0.494826703117444	-2.58761820741571	0.679092050315096	-0.294215365098073	-1.62747040978418	0.904742487168942	-0.484376091921988	1.1501003061063	-1.8955964312817	-1.55991188723307	0.844068646036948	0.401759194353452	0.140743630006909	-0.191346519429667
ACRB	0.24331627943768	-2.75331168822371	1.25909993751198	-0.410252260868079	-1.12109378854243	6.16868001165298	0.519943746523215	0.680228776799945	-1.47761359696205	-1.17855057664789	1.54540491175766	-0.493478222535207	-1.37779203644739	-1.12052934577402	-3.72810401436156	1.1766866002805	-0.216082261588711	-1.31023351389628	2.60739266833004	0.460180210092893	0.128334002569318	-0.198460929830057
MDTB	-1.85375465295063	-0.643922263899675	1.57963798148781	0.50961281090545	-2.66332534829584	2.28951436223892	-2.34903892616813	-1.16608350766966	-0.0611434269409914	-2.15637788721002	1.45037841868515	-1.0075539786082	-1.65256468049036	-0.127326599859561	-0.911866087878409	0.779096678329202	-0.944715426948208	-1.58500663477641	0.750891565882529	0.505700158098569	0.141011403873563	-0.110323720414621
MDTC	2.0053108797337	-0.220987850943437	2.19071052177102	0.153742921646111	-3.85755495110957	2.0061209792128	-2.6665361795861	-1.27113597883055	-1.73221722130592	-1.25276932664789	0.355715215922548	-1.48832957331951	-2.11209360352502	-0.0665337662928953	-4.11082353111571	0.512726322246286	-1.49632112839474	-2.04453651148539	1.08180797060665	0.714353488901487	0.156438993290067	-0.279247754056437
ERMB	-0.556335104915958	2.48773354836381	-2.96923585841208	0.400477063949578	3.62169559916052	-4.43123996315094	4.8604368295234	-2.53365676893065	2.43664702887718	3.17566516450964	-1.85027694630508	1.62998320276921	0.688667380895752	0.104098357654248	4.13157723430329	-1.78199021475246	2.53977637580381	0.756225903446858	-2.13262092361513	-0.751914022347102	-0.263627545908093	0.413166365783232
CPXAR	-1.04710675618396	-1.33420091322981	0.518273330761496	0.00847221642302776	-1.98178819695917	2.30517893972305	-1.78469308952873	-0.262108259332868	-0.376938490913465	-1.47309884973443	0.530560017348482	-1.38922040049846	-1.7492758392428	-0.628759897851314	-1.21880855079955	0.603718951774331	-0.591426538016933	-1.68171707827311	0.796263813578452	0.134517358759275	0.128065483644605	-0.100095444161875
MEFE	2.78764031985058	1.88518733330644	-2.74354936973899	-2.14316408604813	2.80449803789648	-5.81147706565949	3.18235484023507	1.37937895165613	-0.0649690914612551	1.46087724916064	-0.142310648440168	3.30591262991612	1.07585879572882	-0.186949304842318	2.5748535502308	-0.0720948721640385	0.894853664848667	1.14341731827993	-0.945461631215249	-0.473230255624423	-0.32269143871963	0.431731349985617
TET32	0.976153613712925	0.814755549511084	-2.98091659007836	-1.26302376658154	0.790178498826348	-3.94065803346726	1.29534212012704	2.28645426737001	1.07904943938439	2.96272268346869	-1.30066019225006	3.07830061133091	2.95890405186667	1.99724591562811	1.70164273265534	-1.23237346069744	1.04038150450931	2.80029435914296	1.51211368998226	-1.16177643634952	-0.142974523827434	0.189073718349951
MDTO	-0.360171450588566	-0.904508525648942	1.95907018287331	0.880487096603387	-1.86916307488886	4.43679124059585	-1.04031190018241	-0.242662243974897	-0.279710440681531	-2.13882932611383	1.08765292239304	-0.806805058167531	-1.14949384919153	-0.0780123393767728	-1.36384047981567	1.31489498956272	-0.662970708396572	-1.08193604189616	2.04347312411007	0.415159749010435	0.145277606323361	-0.248624079663736
ASMA	1.90453837969555	-0.985292250433793	1.66764590842873	0.243283522422784	-1.49741510430781	2.86058980169205	-1.42589577774589	-0.565432958734723	-1.27847424034889	-0.748863315066466	0.190396905661776	-1.11774365489299	-1.85916343918787	-0.865336916946734	-3.15135516640014	0.336783424449655	-1.86470978119625	-1.79160467821818	0.368170380198325	0.175086425760618	0.132610963657498	-0.244032018620951
EPTA	0.508605049636502	0.0569489652720782	1.78039596183449	1.2185658338623	-2.41169504205195	3.24231225194839	-1.70057186226432	-0.53254120839903	-0.962119488761975	-2.11395654626764	-1.22328877377395	-0.972934647248342	-1.16642252198206	0.324559040761624	-1.02921046730346	-1.15500204222134	-1.10477392533078	-1.09886399943095	1.77117502649959	0.471739577272764	0.140743659809232	-0.285853558022959
PBP2	1.23265732982411	0.503924405058989	1.45582625968606	1.15044821530151	-2.87601379434077	1.85862475576309	-2.19092878441398	-0.869312935007306	-0.647138505027844	-1.91902885385431	0.839425922156527	-1.15643994395549	-1.05071226349817	1.25392199347082	-1.44782723900146	0.837496355605813	-0.610629247214932	-0.983153740947063	2.30355107744869	0.447810696581235	0.130930619314313	-0.309976451833231
MDTP	-0.54585791966663	-1.65884524039351	1.66917178733498	0.258407604988091	-1.5511546520373	3.02349835576919	-2.42798647026603	-0.896099262369367	0.0754559945601683	-1.69049129434503	0.751744509459688	-1.58980576579387	-1.67838398209558	-0.268610089623298	-1.4313529920227	0.750359133315774	-0.871214793708462	-1.61082379061442	0.352613806330527	0.499169992426267	0.13869615085423	-0.16078554912327
MSBA	0.538281278398175	-1.5495729988011	1.66595885856301	0.710683954055779	-1.08824733773676	3.91685086431412	-1.71011575798576	-0.479854755533429	0.197400779678271	-1.5681098455993	0.46452444863434	-1.50604836528118	-1.51623646012292	-0.561607099675502	-1.62471522804565	0.542544320655557	-1.31892864563717	-1.44867865282756	0.622238516413535	0.660991357782712	0.134047405794263	-0.227177732427103
YOGI	-2.97442687890277	-2.35977392844283	1.13855645759255	-0.289752590362556	-0.975331583418525	3.67866879644302	-1.11405119041984	-0.196573786867353	0.684660286857532	-1.6933871264068	1.20917165351029	-0.312602682755544	-1.38027993432031	-1.14765947272715	-0.670649428332511	1.18231470925877	-0.970654176261562	-1.31272141176921	0.150005220972861	0.549714731195798	0.112070010975003	-0.0081241063666172
CATA	0.407796935823101	2.19585496731676	0.626059747768942	-2.2690743085785	-2.1918549923083	-2.55533498582932	1.6653023089927	-0.672923975122663	2.0806624602813	0.471553230801454	2.28063106608505	0.690868572546885	2.18923709699168	0.963065751290952	2.39896271709138	2.18502529008457	0.128940893623692	2.66199900668401	-0.172755241788064	-1.09330218829788	-0.0714977812021971	0.102057702105062
EMRD	1.12200151541485	-1.54838019064986	1.68948552711159	-0.652395534221656	-2.52079586068598	3.42017728032974	-1.64717659096305	0.121190256940631	-1.33104100708778	-1.01860985704339	1.08512604308243	-1.1795419890147	-1.60336915245996	0.0754922110802279	-3.49228133674926	1.19050319535801	-0.718169377830166	-1.53581897455912	1.58142483195003	0.609839962938657	0.149464445188642	-0.26831101699589
DFRF	-1.10571850678669	2.03333193608201	-4.66342451469749	0.640815627868645	4.98857351263555	-5.86203670559021	3.68989363570626	0.768193073140887	-0.897808938072278	5.44984712652289	-1.71518564152603	2.5277835142154	2.38787227281584	1.0126885254151	4.1300130892151	-1.64689890997341	2.68436175427185	3.21297522347707	-3.0097846392757	-0.234527183553347	-0.277515346184373	0.430570825200098
MDTE	-0.989526165935856	-1.56256585768782	1.59568545920998	0.817352664764397	-1.13890794793574	4.16106778325943	-1.52563199142997	-0.326215677393171	-0.386995463417127	-1.87758216806329	1.29491663050766	-1.55187050883587	-0.996245300683838	0.170044787622129	-0.874632735217276	1.02461405141422	-0.0337065921093407	-0.928686778132732	1.64355599840816	0.403682278612485	0.131627159193158	-0.203570716817362
ACRA	0.232060657527584	-1.00252025775038	1.0485820542112	0.832444799240105	-0.86541918794123	3.0112569922438	-1.54228123764579	-0.454075746668073	-0.367006688163831	-1.37034330316461	0.452425361396028	-0.447201891587331	-1.16464654198633	-0.123943648838366	-1.03779687401122	0.48782952172825	-1.53306381562008	-1.09708801943522	1.0061010118359	0.178380774477353	0.110607462003827	-0.196400158841593
AMPH	-1.32028807542072	-1.07264345339858	1.11604974372536	0.525198829467767	-1.10151676217524	2.2403886908522	-2.02716526131217	-0.775788240564557	0.109224767639087	-1.13461027093805	0.407617033244326	-2.73593632762249	-1.51335231057153	-0.791020951771106	-0.736927647555533	0.521432295871469	0.146177603218418	-1.44579378802043	-0.335272312558328	0.100186871507993	0.11444585211575	-0.0876194171500034
ACRE	-2.43071116349445	-2.08941274336897	1.32775066001565	0.230840337570184	-1.20844296494929	2.78417521657852	-3.03743538002555	-1.01038210882017	0.105191798164294	-1.6481367106048	0.451401353598787	-2.26755873744304	-1.69926325074182	-0.516730941438045	-0.430219550097648	0.514369979930612	-0.439582274940151	-1.6316992445634	-0.47073793450657	0.502345251062742	0.132846789434552	-0.0538089208197422
MDTN	-1.47960461518512	-1.53483706168257	1.83886764152199	0.355281484420769	-1.52640012780634	3.19350129308609	-2.01173671822135	-0.601654939783307	-0.935113816307141	-0.474269008120665	0.828863740683748	-1.41407124583538	-1.42524996987329	-0.568298555516566	-2.50979938026733	0.884150818420144	-0.891025708701748	-1.35769144732219	0.205531239115561	0.415634917238584	0.135590540245175	-0.135950081784708
LNUA	-0.705035103771549	1.43205315419115	-0.697087310717996	0.538953316505425	1.86878134926351	-2.5527648335466	3.188041063742	0.890471882688311	0.238877029373096	2.45228596977316	-0.268983214377211	-0.262741490052297	0.323034131612915	-0.0907881181472196	2.00469462159806	-0.19992808954647	0.946455551597935	0.390592654164021	-1.53056991139713	-0.291325999280581	-0.156114218756557	0.237289912264364
MDTA	0.0148689613605921	-0.733793312826982	1.65865943534524	0.681350839431756	-1.83227447549311	2.97307568731216	-1.8388937387902	-0.367908649576398	-0.258126168296887	-1.37330660768426	0.335472763301088	-0.598241491959645	-1.55156675568567	-1.07349770476755	-1.22427358146972	0.402421132159921	-2.35071508744015	-1.48400823313456	-0.0367093090182888	0.456546830156675	0.130942748859525	-0.189182632405741
EMRA	-0.00158174178348136	-2.54899507216536	1.56417224509865	-0.126850473587043	-1.21793583909479	4.9425256842604	-1.13785037140434	0.772162027227191	-1.16146984581764	-0.605070685824523	0.594197393180086	-2.00647799556072	-1.64477459183679	-1.44306360890802	-2.88410367485351	0.657719806266519	-0.662779258277554	-1.57721606928569	0.631570696436728	0.695148157099119	0.154721634462476	-0.224769227941019
MEFA	-0.0797792210315282	-1.12155085257613	-2.43914451496452	-3.03326200217438	2.02314176281484	-4.00565177259537	2.0812477793258	-1.17080967916319	0.7531580638427	0.0393263345154433	0.394550026179506	2.7548223894376	1.94270929851784	-0.306774586045112	-0.307997603381339	0.466408566070291	0.504263712379795	1.60132809441823	-1.98944820689324	-0.0702207217422816	-0.155009811744094	0.335789314668196
MDTH	-2.01160634896503	-1.59909015349471	1.55315158469826	-0.532675373260505	-2.4471187976977	2.73106795492081	-2.09498056511466	0.01243109213045	-0.836863665626599	-0.502076720675597	1.07069766593094	-0.8383075434428	-1.67123333207117	-0.844812683367099	-2.45470561500854	1.03419406755039	-1.54615585663571	-1.60367480952006	-0.0297056440478909	0.518628405550352	0.14523814804852	-0.101078026730997
ROBA	1.12410311558499	-0.298269266405931	1.08033607108742	0.289995324905389	-2.57680229226557	1.94754010381607	-1.43310674767082	0.0675502489679134	-0.402986435936048	-1.61962685533441	0.596372843505098	-0.434461994813039	-1.09035245171533	0.110733993745481	-1.34658326622314	0.667961195541116	-1.4998616442944	-1.02279392916423	1.4849075075024	0.482505964258542	0.116618560627103	-0.253693454701883
PMRF	0.849105724778313	-0.0749449079426435	1.30653426749856	0.653013837631219	-2.33072141686884	1.66754323186783	-1.71362003426139	-0.397143297327253	0.114381403877185	-1.25617752023614	0.443968117953493	-1.16676847522075	-1.17676821938501	-0.225411541365947	-1.48750771995849	0.519951537681314	-1.34779255249752	-1.1092096968339	0.740438818537558	0.509898351648679	0.109593765810132	-0.221635215718729
CBLA	0.372919069316525	2.34854609318651	-3.53674449817985	-0.448894369308479	5.01070233305486	-9.1364890938768	4.715040835337	2.2033147882097	2.32929185147469	2.62469157032095	-1.78237926888351	1.19897206242268	0.867322409238953	-1.44909607579645	3.31366650346452	-1.71409253733089	1.35965342662082	0.934880931790059	-3.08751452008549	-0.15360845424808	-0.307802116498351	0.455177582066076
GADX	-1.17835320374713	0.761104425272116	1.71708009345681	1.05998767643737	-1.60628036538569	1.02285700979141	-2.03988298515861	-1.0454890061743	0.0659905385512571	-1.32208642908014	0.951303125144197	-0.662962361023976	-0.366412556085449	1.7562176067597	-0.464464087451163	1.0179951940305	-0.550408767249722	-0.298854033534343	1.20287978609737	0.765587257364622	0.102448480203748	-0.21314435525654
ACRS	-2.63262499711261	-2.07950978926741	1.00122926337868	0.417356980140679	0.118440351090752	2.48069077672867	-2.19589981178825	-0.879708461893293	0.689368815376208	-0.896463250598082	-1.11926394629364	-2.20786635463054	-1.10313287964807	-0.354665373989309	-0.135069270098868	-1.05097721474102	-0.00391738274349596	-1.03557435709697	-0.788597464955484	0.409901665666929	0.0955884624272585	-0.0255966119360752
CRP	-1.00706757447467	-0.382328683653703	1.29154441459328	1.14661420613097	-1.29030756036249	2.97301751317886	-1.4008530054528	0.170460171567706	-0.128215103195264	-0.372518276652464	0.70047986579056	-1.30474297587688	-0.58463159790979	0.310808368421231	-1.5727628659851	0.768669799400064	-0.289679931190151	-0.517073075358684	1.41788971384701	0.433036970117917	0.118858175352216	-0.228635721642954
GADW	-2.07355250260578	0.269011562546858	1.43973920447976	1.81100333958434	0.711475214562737	1.08730012121109	-1.91740402321403	-1.78247921956846	0.470602722122119	-0.159357761820921	-1.0128458731163	-1.49568931643779	-0.413569366845947	1.28912247011725	-0.400324244464103	-0.944559141563681	-0.318822072532314	-0.346010844294841	-0.30810856858555	0.771019624689451	0.0661201048642397	-0.115558021504862
KDPE	-0.284642113659244	-1.27039652518355	0.64124224288613	-0.474529254142768	-1.67146305123774	2.37278968038467	-0.456786480947183	0.822312302457598	0.648376793815539	-1.17777380891717	0.735619784117891	-0.316343231843068	-0.981531536493164	-0.789337865614261	-0.884000916445914	0.801810458732339	-0.918317960288662	-0.913973013942058	0.712279438578452	0.445272373178831	0.101604687049985	-0.151554458577616
APH2-DPRIME	-0.00324828765140128	1.72487193890489	0.863805032803122	-0.406241821949012	2.67411827912124	-2.1729037171373	2.51038316150124	-2.13670533193419	-0.146947054908826	1.45921897343718	-0.942246823786543	0.342403725935863	2.34604420670523	0.0513787646061526	1.07523272517854	-0.873960092233924	-0.0704597697521629	2.49035679262418	-1.05745559970204	-0.301712585469851	-0.130424154922366	0.131167805950659
EMRR	0.19599794008984	-0.384597832480302	0.932251430584494	0.633296621139519	-1.21528581658808	2.18319684209732	-1.09544166664665	0.206861681806353	0.100581617309497	-0.791940783938536	0.322998762847139	-1.39128629748638	-0.724430954370361	-0.23271108379301	-0.995195288623038	0.391238823962899	-0.468034432914394	-0.656872431819255	0.615195631586875	0.624828862169614	0.0922593045979738	-0.200178974111063
BEXA	-0.961484207126957	3.1041876728145	-2.31865157978385	1.16598833828735	5.81605525930914	-7.68728345689865	5.93763271232064	-1.92152445806334	-0.788276343391492	4.07131996206366	-1.49035203385238	1.23962970192616	1.18860992201819	-1.22155331780847	2.85470947861457	-1.42206530229977	1.26130623957859	1.25616844456929	-2.62934845725361	-0.0329266319481226	-0.305633438751101	0.395660652976053
ANT9	-1.05686129472004	2.53797859497941	-3.60434087412208	0.426509630973809	3.67072554548772	-4.7683949178228	4.21502116580422	-1.14027398122618	0.189946622802661	1.61439880184256	-1.45135694670563	1.58249469216053	2.20830802032008	-0.476542718314494	0.712822775875863	-1.38307021515301	1.35732431552158	2.48635988395948	-1.51841962376896	-1.10702225365318	-0.253636715933681	0.365493110578077
LNUC	1.55911122420086	2.03158718892015	-0.889297031329569	-1.36113702960742	0.603810033402764	-1.38562935648056	-1.07016285996024	1.13817138181856	0.932396383239673	3.0599738603028	-0.275171130179213	1.58149553950016	1.12775638112082	2.16544330904547	2.35525245550805	-0.206884398626593	2.24019564530597	1.19531490367193	0.5315018888348	-0.0208169350830408	-0.0365898739546537	-0.173872583348734
HNS	-0.454242242786747	0.699648042997489	0.826497531963888	0.755288017089837	-1.50498632470576	0.959690391444243	-0.591562357946084	0.572203345166949	-0.617242484138562	0.178868914166322	0.373443186999514	-1.39794461314495	-0.175773775491577	0.240710385537778	-1.55227317329711	0.441729918552133	0.0997288956378517	-0.108215252940471	0.939061045252646	0.617912100771299	0.0805407036095858	-0.207636230428202
SOXS	0.694567458417553	-0.781809741774431	1.34138057334572	1.29398883610534	-0.194012203612007	3.00499421300796	-1.25892194847648	0.631265110837725	0.0139512729186277	-0.288294290980467	0.980570674658968	0.0143399995106916	-0.26339021912561	0.740641959405576	-1.01010574814147	1.05529721124241	-1.78183786728634	-0.195831696574504	1.35869848688778	0.461007760980955	0.116941319778562	-0.34070795102833
MARR	-0.0425944461558874	-0.54656189135634	0.97268412215859	1.08957613735961	-0.12685684243647	0.611137210749662	-0.4965024862725	0.73944992529085	-0.186936526344373	0.103178525486818	0.464619637252047	-0.298359556840016	0.130979859914917	-0.58486285021242	-1.2075284909851	0.532914534641	-1.40944712021603	0.198681672032063	0.273859381281699	0.775010036447873	0.0830527413636446	-0.222098880250437
