featureid	Intercept	gender[T.M]	donor_source[T.DONOR3]	donor_source[T.DONOR7]	donor_source[T.SFM028]	donor_source[T.SPORT17]	donor_source[T.SPORT4]	donor_gender[T.M]	source_id[T.CD16]	source_id[T.CD17]	source_id[T.CD27]	source_id[T.CD28]	source_id[T.CD35]	source_id[T.CD38]	source_id[T.CD5]	source_id[T.IBS2]	source_id[T.IBS6]	source_id[T.IBS9]	source_id[T.UC15]	source_id[T.UC22]	source_id[T.UC3]	source_id[T.UC33]	source_id[T.UC36]	source_id[T.UC7]	source_id[T.UC8]	disease[T.IBS]	disease[T.UC]	donor_id_manual[T.DONOR2_T2_B2]	donor_id_manual[T.DONOR3_T1_B1]	donor_id_manual[T.DONOR3_T2_B2]	donor_id_manual[T.DONOR3_T3_B6]	donor_id_manual[T.DONOR7_T1_B8]	donor_id_manual[T.DONOR7_T2_B8]	donor_id_manual[T.SFM028_T1_B1]	donor_id_manual[T.SPORT17_T1_B3]	donor_id_manual[T.SPORT4_T1_B8]	basket[T.stay]	age	donor_age	time_point
Prevotella_copri	-0.297274220973209	0.711180070016001	-0.157412025722719	-0.688114003877022	0.465559034386561	2.06163950367565	0.536462610404539	-0.780992485804572	1.21324621595531	3.83674202545635	0.180520763875739	2.2807081444189	0.171528276366492	0.402622261927241	1.29370380153081	-0.453399911600475	0.894524138731261	2.004477756364	5.43467133875848	0.658370241364797	3.16223868647856	0.0340416495954352	-0.950555071633841	-0.285726773042587	0.234970658219286	0.161149700837476	-0.167634925361545	0.200926872546829	-0.510842673003762	0.462899198079304	0.624782495397431	0.385247162809329	-0.928430698812008	0.409836986456953	2.04410745997337	0.573953970717931	3.3071284334264	-0.005267007998468	-0.0735871893508981	-0.147716049404283
Faecalibacterium_prausnitzii	1.03722561499481	0.172672429654215	1.75517442485406	0.351397676726005	1.33005955700009	1.56027151747341	2.54357940499072	1.63650896378039	0.733313818351321	3.99349087162963	2.90400814104249	-8.1289188163355	1.29408543960502	1.01634196369421	-1.96524643192866	0.316399738114948	1.10562349514415	1.19295104060854	2.38084500666619	2.08742962761815	-4.03207293232637	6.93693519283884	0.369936123091195	0.0847726888466804	0.862673550045916	-0.707850972456591	-0.476177266355427	0.13054898625151	0.441347904980094	0.696959709072308	1.85473292340646	2.12044899844165	0.374196745455265	1.08709982911214	1.25097199578193	1.95673106555893	3.45020996435501	-0.128097525588514	0.183540512885277	0.348838086871962
Bacteroides_vulgatus	0.26905662915115	2.39173958596906	0.487247791496061	0.358936710615775	1.74350622181027	0.546010450559801	1.42077255789523	1.85349538155077	0.468928147927814	-6.61958350554951	3.67811440515687	2.91315985750407	0.591782238644858	1.35636697141897	0.715416200059865	0.856085643094654	2.01820878343036	-3.85133860792433	-7.94067770604133	2.91235445424016	-6.86797180851655	3.90964341808909	1.03820134659431	-0.850514160890487	-2.83912602146821	0.489621301846845	1.0519656329194	0.186948324198879	-0.388430557668298	-3.75901747748832	1.63066189755808	2.3001542606258	0.848357774317265	0.0236554829226363	2.18306154806522	0.597360088872457	3.10069594188549	-0.0580970931568161	0.0666023689166953	0.240189190654616
Bacteroides_uniformis	-0.458319027215198	0.166923978898142	0.0189049210221995	0.995431108732841	-0.589955062827184	1.38376255436534	3.09307510201221	1.20109941788195	2.41785262979656	-1.56560315505513	3.44962023782899	2.52806332241744	1.79563158409049	2.02971986858618	1.47081678320787	-0.0912989229739954	1.88816754178454	-4.34475920881544	-6.91219622258186	-3.27985288218562	-0.803542763793043	6.46795917202586	-0.254261717599418	-0.0485247098397286	2.39393123904509	2.2765538298658	0.889902511123745	3.51369938498274	-1.35802721184501	1.00187866880913	-3.31344062815298	4.09557025813098	0.476833917200565	1.38662014285191	2.47913970847038	1.50900016670182	3.58003983302929	-0.244444890669824	0.300472189749901	0.573598678855758
Eubacterium_rectale	-2.35219060280915	-2.19358815851488	-1.38626227119849	-0.866099567751267	-2.28711816783817	1.48918046160335	1.68428665940051	-0.367733128590598	-2.63361085496754	7.55189452751628	4.08840631532838	-6.70725553203374	-2.52277142150948	-2.35005494029749	0.881963558095906	-4.31510378428114	-7.15763135595868	2.36353032503809	-1.04494673375129	-0.0225806386858624	-8.10930863102632	0.511042988792594	0.0557203437866909	0.096727324228379	-0.455380827986768	-2.35984424714531	-0.00998613845911764	1.0426042998387	-4.37254654568443	-0.646054635500713	-0.136068530183929	-2.32540495015149	0.707696653902531	-2.34284021576778	-0.869656539965598	1.33899377231553	4.51628327771046	-0.183240218810083	0.500659932460015	0.615938361434798
Roseburia_faecis	0.81495381495361	1.24106256065092	-0.331765163335062	-1.14178271744666	-2.3477582645026	-1.07648281649952	-0.628241950828981	1.79216887779711	0.24832933105617	-0.957120317378126	-0.11876056504081	-8.46226709056646	-3.83182102783273	-2.41069503696192	-5.82065033207514	3.45585320882189	-10.1060146872575	1.29588218246187	-5.61572939518928	-1.85368634776179	-4.86446610172944	-0.912251764043633	-0.622723415893103	-1.96579681565275	2.32331189433379	-0.143755683941501	0.91808609056863	-1.16498353833421	2.16674817401162	0.198368926787572	-1.88727409372916	-5.05933577633862	0.227881051599979	-2.40348031243221	-0.281730867434471	1.36871521120026	3.63819492264606	0.134719328232764	-0.143048453067119	0.277866955547194
Akkermansia_muciniphila	-0.607566375523761	1.92977104482374	-3.18340942600653	1.25414387728753	-1.44729682918461	-5.78880529002553	0.609728699367094	0.459560058789239	-1.01629961572499	0.434145551762499	-9.35663915586303	2.70216248463839	0.22825287313511	-1.51023360164393	-0.845587961774852	0.04646460704195	-1.12740798636029	0.357454913003104	4.36956745024682	0.842254146775563	0.431259243882128	-8.20997595141775	2.20734812279365	0.126956892709824	0.168537064588496	-4.05165270928826	1.79329160738382	-4.10975160950884	-0.0109781543613368	-2.23834515616874	0.808666400808198	2.55253498934742	1.51311073452234	-1.50301887711421	-5.80632350545022	0.887878760146642	3.2181297655306	0.255410836287497	-0.417661766444022	0.270824756173949
Bacteroides_stercoris	0.791116129368588	0.412185260626887	-2.92911503055976	0.543900056143424	-0.734748096427038	-4.45451240138417	-6.99192016776319	1.43154051132678	-0.227630506380506	-8.18798102752217	-4.68491912793945	0.256486724130809	0.514420297307273	1.24854526846182	-11.1931803155957	0.046659395021076	-2.60157700224469	-2.0727379151753	2.29174774523736	0.868674322804769	-0.5519141264792	-13.6687610084856	-0.810618490379836	-1.25997536112776	4.33304032603545	-8.06592587594475	1.87161807108316	-9.61225691193803	-0.0107833663822108	-0.916839967226787	0.835086576837403	-3.35630614377026	0.315940476953983	1.37110636511906	-7.52252004246804	-6.95446504707382	1.33939671917774	0.508524314709662	-0.547900716696555	0.108913775234084
Ruminococcus_bicirculans	0.598746489495083	1.13005755243025	-2.42690036037848	1.01296333815636	-1.21288594718845	-2.72593335704213	2.82921988312488	0.976853035168634	-0.472675095423169	3.971143302164	3.66965769815613	-5.96581189800054	4.77275794403007	-1.27582271964777	1.78344897140882	-0.632341638285046	-3.84155555410931	5.12032868180956	3.27648228045464	0.131909474572499	-1.76669779499727	0.165107673898871	-0.38176755647042	0.210692716341111	-0.264768511855177	0.578372111277921	0.245901444439022	2.44130262976424	-0.689784399688333	-0.0452011923549608	0.098321728605134	3.10263483904834	2.36073742061853	-1.26860799511806	-2.74346540074441	3.14019189720109	3.66926628752567	-0.121717422060014	-0.0462225386096786	0.401871438770156
Alistipes_putredinis	-0.980864275485233	0.3925343543025	-5.42707249859259	0.773657245894096	-2.19659635539921	-0.473760410112196	2.78308326546435	0.0469396335649348	-1.02084220491261	-1.98906268493184	-7.62340093564819	2.01141069363803	2.23115127937247	-2.25953312785853	1.69159144868276	-1.16629065580976	2.00873069123675	-3.39166281904493	-3.60206324223518	-0.811930194655101	-6.03149929722505	6.01717067410105	-5.14059422950127	-0.1636798404645	-1.67551365574556	-0.785915652556079	0.772342064861386	0.306269901449836	-1.22373341721305	-1.54047490165214	-0.845517940622466	1.3686379709148	-5.11846985667944	-2.25231840332881	-1.57035133938882	0.44712601547196	3.68848562641956	-0.0658347446241394	0.187733848656838	0.449091013221602
Escherichia_coli	-0.262361306935504	0.911114835712526	0.872194197383665	1.76492301966729	-2.71693465228946	-0.433280273240858	-1.07552235778089	-2.67263672523023	-8.94891179643483	0.345102411351122	1.55209695387055	1.68001622986048	-1.35595852478097	-2.77987142474878	2.32266796340368	0.509972140115375	-10.5453428809221	4.02406098161425	5.69536056753159	-3.20343519763056	3.90098020354552	-2.60301112483389	0.344464793402169	7.80612064669618	-5.65006676396089	0.427622457700116	-0.801617941375644	0.732327731902755	0.61214257079354	2.05703054859658	-3.23702294359793	0.846117220153766	-0.995761640369892	-2.77265670021907	-1.80376384358498	-1.56846775169418	0.430908445557136	0.0181075196943268	0.26075800236625	0.000866602806906619
Bacteroides_fragilis	1.11446989676361	-1.20184960069933	-2.96763488987372	2.39047877337517	0.80733018998234	-6.20971707896596	-1.47205703910108	1.22867181129931	1.27269510261803	-3.9424003543044	-5.97369218778442	6.76641304325312	0.635052677554389	0.744393417523021	-1.51645921955683	0.046607121747608	0.629243981403609	2.87018235240664	5.93030634160996	1.15838168545659	3.66222086468978	-8.78121637652761	3.83493544121406	0.129074437122437	0.735134451783129	1.31890006895576	3.14652828264627	-1.90071812028154	-0.0108189503551417	-2.3473236660717	1.12481527795206	-8.47135932065014	3.59560475498438	0.751608142052733	-6.22721002202126	-1.11418439502761	1.03512478276112	0.813650624104498	-1.57838488641816	0.458712991027694
Bacteroides_dorei	0.366488646477505	-0.156359156992819	0.886678483691953	-3.58610589955268	-1.32406839843662	2.50382392211551	0.974147176187086	-0.362171925826087	0.517380108014636	-4.07103146926411	-4.4157340617163	3.68134946655482	-0.533249381619195	-1.38700517089594	-0.966113798719432	1.05693601064074	3.17114404992511	0.312185781342643	-6.85433870915412	-2.38334538058345	6.4768522671823	0.523817217842277	-2.60469864348748	0.156953377227875	1.47179838935179	2.55465241308723	2.09275178003701	1.14762273674742	2.26467598277322	2.09863101437111	-2.41693312655081	-0.328728385934872	-2.58257427066565	-1.37979044636623	1.09061458010581	1.37689326648667	3.28445729828395	-0.0781414795436874	0.0609026598588874	0.197733338622909
Bacteroides_thetaiotaomicron	1.81502331396942	1.73644993600569	0.356057193485044	0.956651134749076	0.908261566201136	1.77309350772495	-0.181878203709078	0.400694034771905	0.60008840717464	-5.42891539947041	-3.23305965375732	3.05365289282054	0.0660076628749569	-1.61679359348047	-0.581883661848094	0.752556785863514	2.77532641248157	-3.14687941755567	-6.81905848149299	-2.64034296588008	2.37077692071242	-0.781471961244409	-0.477638021510627	-0.595887529153732	2.36907514849944	1.21878536577736	1.50008861112985	0.917758139426864	2.60108555155984	-0.341179738497539	-2.67393071184744	0.729877881040531	0.503957726061344	2.35801670828923	1.00828864474204	2.13670335655167	-0.644349809447747	-0.114714412740709	0.138138179744904	-0.0118582884980632
Bifidobacterium_adolescentis	-1.20724569657441	0.440607318255518	-1.69831559399054	0.692628426809928	-1.95374414440067	-2.07688836650258	-3.25985735114331	-1.34364262990476	-6.96463025651783	5.73329601868145	-0.817399808881982	0.037207911722362	0.0464737828200062	-2.01668091685999	0.872295267480825	-2.6318538338722	-8.6154255454118	4.00492026124682	-2.97116667393684	1.76639257355626	5.25186094561858	5.14225745846384	0.154339924055551	-0.680527316827682	-2.90563216885286	0.48631860847984	1.26760748911294	1.60782024508253	-2.68929659527549	-3.63023901984672	-0.267737634283202	2.46331065081592	-1.20540639013052	-2.00946619233028	-0.630062795687644	-3.22236599082992	3.21079837932207	0.0068485915890917	0.111637299026673	0.286582763938765
Roseburia_inulinivorans	-0.345756426691965	-1.20465626421251	-1.84327361324713	0.0100743606287453	1.07432636503308	1.5894857208311	1.72978634182696	-2.24740956000806	0.735140402690463	1.42591415031902	2.42960762071778	-6.56200044322759	1.72161763564994	0.379883853629941	0.404139883417104	0.458614095967884	0.832485366923114	-1.87692259039198	-6.33761889103889	-3.10708452776972	2.80236610690398	-0.441450172170465	0.515785589415048	0.186505270700547	-1.30521133621889	0.346992870526654	1.14292673159036	-1.94232526177629	0.690988310158164	-1.08374155566673	-3.14067227373709	1.5700083293819	0.507687069475651	0.732444414292418	0.241496347378762	0.510216615545297	1.61180329724171	-0.146356819919588	0.474690188731377	-0.0762075375033809
Parabacteroides_distasonis	-2.03242694237824	-1.44139041605272	-0.952336761745669	-0.915928618649819	-0.106319518050268	1.76010884447689	1.15244061295276	-1.03805694751264	1.975829829351	-2.23467959777363	-2.72810483884643	3.51751262973994	-1.73564237697671	1.75168089000952	1.22082584311387	-0.226017847734814	1.72550986365726	-4.27241156782423	-5.38644415501594	-2.90588594988887	-6.85103073795991	0.532451755300696	0.659536495405648	0.105944824915024	-1.16477146824556	1.81654735441719	0.258884647373287	1.77401599531905	-0.530478706106632	0.0609877307655379	-2.93947369585623	-1.52325088597302	1.34907994419336	-0.403164705838121	2.10101986725238	0.585218932862127	0.703326229294318	-0.241302697710039	0.619194318618005	0.019951875953536
Collinsella_aerofaciens	0.766570936650082	-0.575961491492178	0.035542961564802	1.33945242907586	3.64218810085385	2.89782704516048	2.11922437493091	-0.146471061034217	-1.7206326826653	4.24268038257114	3.84276794481446	-5.95674054790288	-2.40685326202462	2.22070077984106	0.90277684440038	1.09676180772173	2.10951213197162	-1.05664537634168	-6.75189596776008	1.43428568526204	-5.16928711613374	5.91612601925486	-1.1760997478185	0.182832134466264	-1.28077343186097	-0.917333284659045	0.34015617657098	-0.738197890465103	0.506025679886252	-1.70344711348991	0.405958794254167	3.36836498164173	-1.26368080824614	0.690599688683592	1.57829018731025	0.954906835603262	1.23944521351673	-0.137017502240182	0.288807113732522	0.00965024128423206
Barnesiella_intestinihominis	-0.129513774305538	-0.533568403151419	0.642905798164152	0.0416791870790932	-2.16266390796573	0.24859972401256	2.26418716255908	-1.43076381854536	0.369261373654895	-0.456644433894239	-4.62531829786132	4.24483163189143	-2.56871658905099	-2.22560068042505	-0.457754604917552	-0.379937961775189	3.42996315316608	-1.25929949964796	-2.59332663182258	1.01520271583494	-5.87171593388276	0.533794528738196	0.33299805184028	0.204335851173493	-1.5967024870749	-0.559481362146991	-1.29991706323233	1.44748851900832	-0.0619749049545222	1.10830228521843	1.11667733659158	-2.35524780369763	0.628030873835087	-2.21838595589534	0.330408715199502	1.57278464679673	1.3260858099065	-0.258212550333978	0.512641062106316	0.277537610082488
Ruminococcus_torques	1.45770383974914	-0.280379673865225	0.65118994971826	-0.860349760989526	-1.31725809093387	-0.927253766816908	-2.35687916930432	-0.629403643531814	0.505028416291766	2.55458639248363	-0.447580346582635	0.546576092951	2.98189204589774	-1.38019486339319	-0.619746081930186	1.69639681271898	1.49070594863345	-3.76005004133497	-2.68496138218879	2.76767800732549	-1.30219784458833	-0.0376890013659639	0.966795697409127	0.144117874603364	2.33492240229888	0.982784112649305	0.479301550869076	0.696540983970321	1.83270729380837	-0.692912230944438	3.24727123250375	0.781463912954288	0.912567235529423	-1.37298013886348	1.81310773689655	-2.31938780899093	1.29624081059315	-0.0165122559064046	0.0334462570802619	-0.185501564593453
Bacteroides_caccae	0.750507008045956	0.665040263506983	0.529668357578062	-5.07869608853278	-0.188930363616063	0.443859533506579	0.844034915607023	0.158339105324731	1.48298787035137	-5.0192874850417	-0.0058110893947915	2.53746677469462	-1.4776440296943	0.758812764570827	-3.51254009495356	1.48980508736956	0.730833586615821	-3.96937392439161	-5.72176367405891	0.926397070130666	-6.82223644932466	0.505820787445243	-3.09460805396416	-1.18082450558653	-1.53619340141969	-0.292480061096804	1.77750293302926	0.0268321955753934	2.03195608454934	0.828902234578328	3.12394183148752	-1.2892662963963	-3.07248368114233	0.588063859735571	0.0897550811281516	1.00341914539292	0.473924164017219	-0.0610972109951988	0.20140199836654	-0.0163520614816142
Ruthenibacterium_lactatiformans	-1.57678483822937	-1.35231365862169	0.29940315743997	1.92402665164056	1.7698947477731	1.08794470234508	0.978762870471525	-3.60067937545301	-3.00443423829884	5.36178908928386	1.4901485352533	3.42590887378901	1.28429180042197	0.676223585293407	-1.69494652042964	-1.34455181666029	2.51800565080096	-3.80224965299879	-4.76683336857795	-2.65785504893367	-1.62847033222871	-0.400720351442163	-0.162865147393729	0.207311374645325	0.764323203957507	0.121992980795247	-1.01143922519294	1.70372447615401	-1.21588533324012	-0.192130575632854	-2.69144279490103	2.86982267283435	1.73591146618128	2.66417382041081	1.05751588244346	1.89959977512314	3.54383899672844	-0.095443106047155	0.368407745923226	0.0453999747322606
Bacteroides_cellulosilyticus	-1.05964325764771	-0.542900702383901	1.91030719539239	-1.95086796734748	-1.24354717250736	0.768097714620775	1.33447975460773	-1.20376617483617	0.778558959142261	-3.5526012362624	2.66057704973389	0.176594565622509	-1.01977283104012	-1.30648394496668	-0.0223513771114605	-0.437011536288386	-1.98730440779279	1.30934490476336	2.85965770121575	0.408082887372335	2.44054785290999	0.533944285408195	-0.52966748217919	0.214252722959611	-1.05092266281801	-0.861501375479358	-6.85031267118064	-3.94734707230791	2.39448035556069	-2.75144744918327	0.374495141404969	-0.806060620317502	-0.507543109357357	-1.29926922043697	1.88055441577342	1.83099602107956	-2.84176253871105	-0.0861487973251358	0.374687333668893	-0.819540385456224
Bacteroides_ovatus	-1.30170523026581	0.847196915719126	2.69350555202081	-0.583749944011548	-0.608710737189367	0.295959905821032	2.37322730366473	1.76275732346056	-0.910543094500012	-7.90801562682637	1.46612857866456	0.290082882158458	-3.70429474456857	-0.756230315282231	-3.16719269047358	1.64946721486437	0.645142328304549	-5.48591683592115	-5.09901816014289	-2.2068128736407	-4.50884714802461	0.182571745411094	-0.224013314050223	-0.814338671464828	0.693644940054842	-0.0781288540789059	0.0858813016453669	-0.731238809768997	1.65014494258156	-2.71878672645073	-2.24040061960806	-3.80349404431347	-0.216118238866329	-1.02743437012569	2.06677341137436	-0.432096496773218	-0.756761546889764	0.0285313252589688	0.0954166102067878	0.11796128347383
Ruminococcus_gnavus	0.400956522434994	-6.6187268704442	-2.23709532955573	-0.44061091695247	1.98981955532162	1.44211585922832	0.426840117018271	-1.12707910708906	-3.03679097734303	5.95825205429546	2.22665332842042	2.92856628727168	-0.604738775330285	2.61880950062048	1.6373375724735	-4.9451124817909	-3.15904088659833	4.60736014161791	4.78290342923165	-0.613627687254588	6.45167288104338	-0.361697130903069	-1.33766682485917	0.201854450206849	-1.40377631863313	1.94411953325782	1.28066686678323	0.298457632417835	-5.00255524319419	-0.339828083967967	-0.647215433221953	-1.30218929863934	-0.409583114087582	0.679806062375151	-2.10734746556374	0.18400995378449	1.20888877316334	-0.105216896883489	0.393115540112679	0.0899202485369252
Fusicatenibacter_saccharivorans	-0.309619570389346	-0.911541721251394	0.319271263089918	0.72916953112664	1.22729113582699	1.36356718941326	1.8979223424602	-0.933274038357749	1.49164443172603	5.97437868698589	3.39456533479859	-5.56777827907354	2.52591937438895	0.649174163029307	1.39553461183927	0.704686865132923	-1.41475530310223	1.96512794707503	2.596699413023	-0.684428587713877	-5.07966366490083	0.486081874862845	1.9533636714997	0.214054090480897	1.60046192923827	-0.4267605936953	-0.971754750724705	-2.68486490601762	-0.303172908246606	-0.166780302977367	-0.189499206644195	2.84856217288013	0.651073433458805	2.38300762454136	2.64738317627815	2.53842602615311	1.44214773579456	-0.264987512282373	0.503254165019219	0.0822332908199834
Roseburia_intestinalis	0.540115844219967	0.872248822424029	2.81487396022394	-0.00500287268576882	-0.782770009001806	2.37841202421779	-0.509255940277529	1.48065831490038	1.40352993168025	0.242754798970141	0.62804689097573	1.28900916408747	3.49969929115226	-0.845706781461125	1.6498461138191	3.28482244901049	-0.423985678392152	2.1739252528974	2.47742050524712	0.588946327409108	2.58760502854628	0.533801830307181	-0.783015385669257	0.214249504308793	0.148278123832175	1.42928954000984	-5.83064647626487	-1.43955352658495	2.1840127785801	0.232131113553242	0.555358581441743	3.64427965067859	-0.760891012847424	-0.838492056931413	1.40569832224754	-0.471764579964136	2.83727017446377	-0.1967570323267	0.055466120208924	0.143113281278472
Dorea_longicatena	-0.88573240140076	0.161740222546671	1.2447250153692	-0.278979645709374	-0.88511940952213	-0.317909045976454	0.241615420024443	4.81225445099352	1.44719610072761	-0.311407464900098	-1.30096496057342	-6.34480493236333	1.47508602992942	-0.94805618198145	-8.23544048557856	4.64946101598131	-0.298587519365052	-6.57113717283521	-2.18268686894416	4.68714927121099	-0.677635581099561	-9.74831079791433	-0.575121775668647	-1.9799016587924	3.68323907176299	-2.99818185929741	2.38301590967569	-4.49276485795244	4.49747813540688	0.388709997081952	5.27755492200266	-2.82885200596814	-0.288471899926662	-0.940841457451738	-2.25541493992898	-0.0573135172848457	2.61164838476993	0.386889503546713	-0.548081914816673	0.219345714597564
Eubacterium_eligens	1.3253606667221	3.78454504308424	1.477127459255	-0.516166763047555	-2.47568056102665	-4.58375386790638	-2.96659629996533	1.48824693985461	-0.676106105669446	1.88953230961315	0.519408842803733	-1.04633205104619	-0.131074014740686	-2.53861733348597	-4.02941583881953	0.942920669835682	1.72883347825458	-2.6427595445088	3.75450735922814	1.45146004839834	-5.69428768833833	0.396754539505179	0.264371051985238	-0.265014086339978	0.678504287398287	0.737497469144208	-0.653259477134617	-1.17959931248888	1.27481377917519	-0.00772951052169357	-0.201525039774077	-1.29517049408917	0.917442657053471	-2.53140260895625	-4.60128591160866	-2.92910493965194	-0.392633434096795	-0.0501864392080322	0.0419508638636519	0.0233974714563893
Eubacterium_hallii	0.932474385708615	0.58655949828348	1.01666441222741	-4.80788214657722	-1.14293345924289	-0.82461576060658	-2.65946214850659	2.64475133247851	1.0673607931295	-5.42216243163594	-0.750343689439996	0.562780450098217	-1.43928450687478	-1.20587023170221	-2.58205627689936	1.45233689240801	0.544828694624205	-4.43786833967481	-3.8005743658924	-1.00809396819178	-3.04162493427949	0.250461256996329	-2.64060412387231	-0.21472782124987	2.05682489196105	0.523774614291532	1.58009592581186	-1.85916009301408	3.40453160601845	0.168637325310902	-1.04168171415915	-1.49802393532757	-2.61847975105047	-1.1986555071725	1.75741054911521	-2.6219707881932	2.25618827744343	0.076251284428595	-0.121941137049968	-0.296641487927575
Odoribacter_splanchnicus	0.919162761181637	1.14422897395811	1.3990652825506	0.268103821535728	-1.60747000690372	0.748928503233141	1.51583380047565	1.3068163616228	1.58942698396831	-4.59456099883564	-3.64632512044738	2.73502920102328	-3.4971113835151	-1.67040677936304	-2.50038313160517	3.79202292851793	1.6143438036864	-2.16613267149244	-3.4227667487049	-1.6401305349261	-4.28763571461397	0.512722647682365	2.29249025841377	0.133620751600358	1.32734510222716	0.345559840755803	-0.335196262713344	-0.911034969036423	0.665140398323447	1.14530061676522	-1.67371828089346	-3.30548460103039	-1.570311807096	-1.66319205483333	1.55046828884986	0.776209160136724	-4.03867148951672	-0.0823845777430549	0.162203614677613	-0.344634194226403
Anaerostipes_hadrus	-0.820384312659458	-0.781963011649038	-0.677675697597719	1.99328510310235	-1.44410643096836	3.55398924751872	-0.747405344803285	-1.26820353440763	2.40160297311931	-0.0972324790144783	0.653243860484855	1.0304536325857	2.04160838977744	-1.50704320342768	1.77968845476529	-0.829199895340328	4.11618117646625	0.28911771093096	1.89668148394585	-1.80237509326045	-3.73119822224336	0.534082657591041	1.19050241966865	0.214016599159333	0.508387505209872	1.51979966993843	-2.84170218419638	2.59137639647261	-0.158687851846307	0.665186320686535	-1.83596283922781	0.492680839528995	-0.194463215768337	-1.49982847889797	2.57986202139762	-0.709913984489893	1.74334466858723	-0.379427655390741	0.629159082736199	0.0735719759748983
Firmicutes_bacterium_CAG_83	1.55068911215667	0.29446021613798	0.124573823419355	1.68167631175103	2.77505734447567	0.735366896825976	-2.61667173560376	3.34208252258776	-4.71663726411671	4.82489220484249	-0.740712472913964	0.599802683107555	1.08887028352668	2.65999607174169	0.859784818786596	3.63467381886827	-2.58075400038312	-0.131857139723642	-5.03976351384162	-0.619770184317271	-3.37849465092378	-1.44276069949514	-1.54205511550286	0.211388034324738	-2.01297631939607	-0.421735385698932	1.48298160124215	-5.99674072617754	1.8392759640812	-2.77980710074882	-0.653357930284637	-0.381636508474393	0.445473529398441	1.97554967681035	0.988661192845376	-2.57918037529037	2.85748866601803	0.0617167216024384	-0.215812261138732	0.30236520960794
Parabacteroides_merdae	0.0152566542327848	0.621650190624808	-1.39868411758826	-0.227894620637276	0.294292717019007	0.739361480909533	0.950948839824248	-1.59978548459531	2.15680329956203	-3.1492866458083	0.662894359113471	2.03743688296527	1.44430344955375	-0.233036359860784	1.73214674701116	0.639756664556141	2.11795727567126	-1.89246080602918	-5.59785372380256	-2.33847595767085	-4.81091585835176	0.158790751293834	1.28300763626716	0.191880745391938	-3.16724529942232	1.79034407969032	0.318687805418102	0.945818754489578	1.280787118256	-3.00541735694389	-2.37206370363821	3.95721571825977	0.479997374117374	0.211581000481688	1.65478020210174	1.5211400831218	1.91481233044483	-0.179351000837328	0.306186904277032	0.311002935914855
Veillonella_parvula	-0.892814923316196	-1.17002000513354	0.67649158498361	0.57263295199456	-1.95389053340824	-2.50894050197011	-2.80321114714856	-2.34805593661787	-5.98789514146656	-5.41806735412129	-1.08661366414855	-2.92561786342412	0.0951908867185315	-2.01682730586756	2.0731827687206	-0.0635251254619409	-9.73949857397626	2.31107370768275	7.54230731364251	-0.494074598112742	8.44658955851836	-4.33912681887991	-3.59562633971551	-0.178254159588722	-8.07689800938325	-1.51969114903893	-1.50356515359488	0.173886737431444	1.19906402426949	1.35512595369835	-0.527662344080108	0.697620055904346	-3.57350196689367	-2.00961258133785	-3.52824685673806	-2.83383287544296	1.86914146347858	0.209588305302618	-0.100802668292696	0.530657823829513
Coprococcus_comes	0.0792157461345639	1.37884090242109	0.527032103744291	0.350053353567741	2.2557368564996	1.82765303655261	0.393510987799216	3.6177773696947	1.06636324979454	1.65171084984294	4.6619403271692	-4.62726133037359	-0.778466883736352	0.828311154530162	-0.267254941564586	-0.106625065285092	-1.17364426298688	1.67791681204523	-4.84483248356818	2.58367870732244	-4.70181980808931	-0.89694076131231	-1.50316427687981	0.165054482917878	2.58313664714141	-2.96370152596916	1.52169434118661	-2.81926694268449	-0.164067826688378	1.37174074842949	2.34040372838388	-0.104903944501919	0.912054635584354	-0.103711089695848	2.62466337580589	3.41429696922257	-2.82480287150524	-0.046055978886129	0.0258956002847602	-0.399719003887315
Ruminococcus_bromii	0.162671815365597	0.800294549736593	-2.32845184544013	-0.113849596719125	-1.87338301654728	0.135043219762987	-3.45517509635205	1.81579878159045	-4.41781676851124	3.53586227878086	-1.02241385888885	0.0398476822301745	-3.85684830291818	-1.9363197890066	-2.35732006321528	-0.150588259178524	-1.71601291342328	0.590182559830802	-3.39479166630744	-0.478838339605967	-3.87799874027925	-0.198530593022172	1.63061381836555	0.166527522306535	2.80508574763579	-4.60782651071038	0.342777827266781	-4.41644659394487	-0.208031020581811	1.0317999620678	-0.512426085573333	-4.31646592236523	0.274769879877567	-1.92910506447688	-1.30128071408364	-3.41768373603866	3.08706263109066	0.0677579652748093	-0.0554445971890042	0.195585634260039
Bifidobacterium_longum	-0.0441984424888644	1.89916119870863	2.72067168017938	0.682228966017387	-1.23515614982517	0.297396616178698	-1.79029005225415	2.48988606758593	-6.01726640306324	6.95431480988018	0.2961538119929	0.351821254007518	1.93517988578727	-1.29809292228449	0.810233451026891	0.71022067956316	-9.3364538733537	3.86202194009508	-2.1069560683155	1.73519001885351	4.47614845553679	5.31187844921702	-1.00762745405414	-0.756970720786956	-2.39514198979097	2.70306511755501	1.08360997724923	2.59120354300276	0.872896321594626	-3.20166016623954	1.62039607037912	1.22771113299366	1.45074734836817	-1.29087819775478	-0.46907971005532	-1.75279869194076	2.39120275183536	-0.0203762164109364	-0.0842665339975307	0.167558338193755
Flavonifractor_plautii	1.30678487917785	0.247240462872599	0.843730714526914	1.8377634718615	2.57286837581723	1.58572127028102	1.23929238859897	1.11211123295306	1.23362762376755	-5.6898254336501	1.86884593057801	1.96137277316302	-0.429525438385705	0.93394426433813	-1.37489628086665	1.75443075589525	0.684400137824317	3.11731828962054	1.25829165812493	1.43036733551915	3.70616319695754	5.06388974835032	0.0298085953774196	-0.446626158852485	1.11121460715575	1.25281973715339	0.554943540577023	1.35911140089766	1.10335207778207	-0.243975112891002	4.39700286855112	-0.204118975172085	-0.698404274880886	2.89120409766301	0.330236815403969	2.86861739997819	0.0715420286259834	-0.00476116701056959	-0.0211581167920182	0.148320611266951
Bifidobacterium_bifidum	0.372123311966702	2.72139845189771	0.0474707450540293	-0.47130760703502	-0.727666468581273	-2.27674321727162	-3.55040043051953	3.53513481445788	-3.68890632234425	-4.40807952300557	-1.55594504785369	0.51447672676295	-4.82167393310616	-0.790603241040593	2.3579733442249	0.0463520734726141	-8.78146310492108	0.503786700112479	8.14087789889336	4.66275142117437	7.63575848857207	0.162792674199279	1.72542215843818	-4.6288034789752	-2.33437171658235	-2.68828324441399	2.10680703211221	0.425940009410537	-0.0110906879306727	0.537407768213944	6.16872733106027	-2.38358027554516	0.685955502092838	-0.783388516510881	-4.23291394810769	-3.51290907020614	0.392044071396369	0.368319348641394	-0.524068961773689	-1.28710353776946
Blautia_obeum	-0.954969275981143	-1.8977636307744	0.141012903657698	-0.00865562413153909	-1.0364744376746	3.91633994980449	-0.653013402779054	0.501283310132012	0.583687295095019	6.2244869290208	0.590760072948234	1.19689280819148	0.524546262187262	-1.09941121013392	1.73215857853315	-3.55258561678541	3.76932029084613	-0.16383217062269	-4.98973471287727	-1.65844179705683	-5.14038792332368	0.522336340442832	1.09397794266364	0.211140585641953	0.683099567091891	-0.441453853888171	-1.01714380693045	1.65991983061568	-3.6100283781887	0.7840474148037	-1.6920295430242	2.79780381106372	0.597498036921024	-1.0921964856042	3.66853942770866	-0.615522042465662	-3.04501962260388	-0.308158322028162	0.575179507102196	-0.0730385448051883
Roseburia_hominis	-0.370913762837604	0.267486700389002	2.66779496928766	1.34918825175347	-0.346885235270574	2.07603091942812	2.3781082088161	1.78164675064562	0.644684602395587	0.507704120716967	1.15369044828583	-5.13839929271489	1.56593233005454	-0.409822007729894	-3.43912910709956	-0.412155158895378	2.4138484414046	-2.77416918958936	-2.38992554310798	0.135202213963826	0.90928873339934	-0.159956016644303	1.28000880737922	-0.0672796838473351	2.26388725558562	-0.591119447989123	2.61870149660501	-0.558087078277909	-0.469597920298665	0.91784458353539	0.101614467996461	3.24024885081287	0.308076478540897	-0.402607283200182	-0.72998116116616	1.37553308849289	0.399085525711555	0.168193103023528	-0.338599393997962	-0.0671321640922023
Alistipes_finegoldii	-0.623104442149356	1.58232156333647	1.47439720889642	1.27219836260857	0.714496313372538	-0.0122383077562387	1.79091340843921	-1.13468629889013	-0.0221146448692751	-1.90296067611226	1.42449735689332	2.74754823278636	2.64674800292899	1.96975282757055	-3.66641401539424	0.394679889005298	1.16272778467586	-2.95260308470045	-1.40526205662727	-1.82148052767817	-1.16681090077119	0.0142937460249024	-1.36127759556153	0.203055394392106	0.863463132775256	2.46053334112678	-0.11815306779352	0.776982399280227	0.044154711544425	2.71074007942696	-1.85506827364554	1.76335328005786	-0.461611591279507	1.31025032082661	-1.22104404072854	0.874714806127096	2.69637543364384	-0.0430412020304218	0.0329611497775962	0.219029482154708
Phascolarctobacterium_succinatutens	1.38752139708404	2.24863956269941	-0.915488216671206	-2.37601061318336	0.124610095063136	4.12529988690013	3.81430227104907	1.386727832036	0.806126137153201	4.84289763554088	6.06592248964478	-6.58464257884771	-1.49886221035073	1.87472192375433	1.78859675635717	1.13851355008471	-0.245554882722596	2.41652791414942	0.360811170301444	0.70853107406791	0.244614451325365	0.534024394050773	-0.469102785390403	0.214289856653306	0.695779859221407	1.87155588503395	-9.3121633143386	-1.02849212044939	1.1430667718052	0.92132346823235	0.674943328100545	-1.28514332390789	-0.446978412568569	1.42383489886387	3.24730183977988	3.91380082015946	2.85714596911289	-0.39609174316311	0.385039408768838	0.153818066863875
Erysipelatoclostridium_ramosum	1.23069990774994	0.81343416270933	1.95883443614557	-3.32506950352607	-1.15629872795017	-5.19341210917836	-0.489425594170046	-1.49004647902967	-0.285412202700086	-0.740649598994337	0.0240332691686317	-4.86198489833623	-0.495033267575006	-1.21923550040949	0.919981605905507	-0.862310096699124	-0.92741473360608	2.98943002734865	5.44603850517333	0.122040733537038	10.2013126305704	-0.723999553426568	-1.07110982428172	-0.68407307793608	-7.76843777378755	-0.247144649071353	0.549658694748013	-0.343419817631089	-0.91975285810241	1.81292032196541	0.0884529875696726	-1.59928340531353	-1.04898545145988	-1.21202077587978	-5.21094415288064	-0.690157190514063	-8.92514562205456	0.29467283303356	-0.274160007868583	-1.28791881010069
Streptococcus_salivarius	-1.00512718060608	-1.92735185327807	1.50526550075128	-0.476426751951554	-0.973994345625951	-2.84456471995717	-0.586713487465334	-2.83882806472303	1.14621841617017	2.52495775803081	1.36231433439423	-4.68798511195928	-0.580829623776178	-1.03693111808527	3.64856720675847	0.379563018602009	-9.38750119848798	3.15966774736132	1.71853726740838	-1.12586142138545	8.34515198985381	-0.921073251470391	2.07535292168281	-0.450146051545051	-6.53638592442231	-1.05582777623619	0.936625638488857	0.641401859576858	1.41123832064858	0.653739174151616	-1.1594492865621	-1.89117533780102	0.313142515718937	-1.02971639355556	-1.2341470489988	0.800411566543127	-0.428058858672601	0.156569154211043	0.160728340114777	-1.46490228578581
Agathobaculum_butyriciproducens	-0.0299496541320834	-1.7638913601903	-0.286232683452822	1.20803074385705	-0.0932280730810903	0.63192983074779	4.19285351578479	0.134829722123132	0.941481788531833	6.46979818924419	3.74850915956666	-6.83898656535894	-0.837831441002587	2.74032787410986	0.625476307767842	-1.20143814392698	1.13715661720683	-2.31674025739942	2.92692345019341	-1.60526277140681	-4.28791704853731	7.67864776302927	-0.191646144193198	0.188223553400132	0.794245212471911	-1.91583947305168	-1.73745008420554	1.22871265059248	0.919926651298911	0.140166034245686	-1.63885051737418	1.98182051562305	-0.514909468591213	1.90602455416783	1.52551462550071	1.03769330625489	1.0927729646764	-0.184582262090684	0.461078693236535	-0.303158689589639
Blautia_wexlerae	0.228159319371029	-2.54732956590929	-1.23706087807105	0.0249911978441689	-1.38427087779911	0.186067060667223	0.611035411994505	-0.902205825073733	2.15361862339168	-1.95915164367207	1.74176155615021	-5.85477178264409	1.66164606468131	-1.44720765025843	1.22399168421647	-0.815828129726772	-1.37665553732465	4.55409981523241	-0.631387296953195	-1.57670475558345	-3.56940069874483	0.13830386002415	1.21884418984077	0.206297320823762	-0.447077245318464	2.05553742285286	-0.585959395881565	1.36060104017989	0.292862840473563	0.589521338486867	-1.61029250155081	2.59802477740284	-0.0401726588606834	-1.43999292572872	2.75792457957176	3.81864653472855	2.34384203358509	-0.177706165961267	0.410167534913247	-0.00273985073103436
Streptococcus_parasanguinis	-1.17604242661591	-1.82392229738512	1.10764386912897	2.34130088831963	0.473022869566367	-2.71546201304799	0.112025772969771	-6.25257108382703	-1.14773667894215	-0.764163392939649	2.58569335031678	-5.8526269691065	-1.50872415645669	-1.47158976466883	3.20390201320073	-1.80370093889845	-3.29763646765302	3.52328051839556	0.776639875135428	-1.98768712596003	8.5197239808206	0.45456731964701	0.712659135061715	0.198143256406876	-7.19496241291719	-0.94425920609917	-1.46738179635611	1.93630180006758	-1.61769282025108	1.50982879593392	-2.0212748719274	-1.37051648713116	2.89856610447168	-1.34523751458064	0.0926057328691794	0.602219018536354	1.48080993100025	0.0175829075506911	0.387752403582757	-1.00869554683699
Bacteroides_massiliensis	0.803385864704892	0.327089467618082	1.24691977759912	-1.80782325718818	-1.16155299659641	2.03923852286035	1.57795960251575	-3.09024141005994	-0.384936581476636	-6.38131083861836	-1.7125840277655	2.37417223583907	-0.223320815401773	-1.22448976905573	-2.41707300434687	2.21978758267748	1.14887664870669	-0.610730154173715	-4.67573935154914	-0.429987564840953	2.75513699570937	0.521159685150321	-1.15128375629761	0.213722211818787	2.91666516581816	1.8933819138578	0.35584358263406	-0.455515292827927	2.05183327990761	1.71400772526284	-0.463575310808318	-0.0201896212196776	-1.12915938347578	-1.21727504452602	0.928117536496194	0.903774186419988	3.27238139166452	0.0600024324140534	-0.219568814073379	0.311468507795196
Hungatella_hathewayi	0.0434713771045652	-3.82709946337023	0.603142585960172	-4.08289201710639	3.09669998172848	-2.02985124186879	1.02922785822635	-0.807790678216233	1.32788891054779	-4.24618949309834	-1.88381577443908	-4.43906705547124	0.55816724554946	2.69996408550512	-2.71926187763789	-1.29406239100111	-3.58099885626386	2.59584988866534	1.77006786700249	1.10315962119993	3.55317720691008	-1.53356241534597	-2.09693621138909	0.111072403888795	3.42394933024687	0.936213394360883	1.63335255670938	0.917874010856308	-1.3515051524044	0.0184994538070723	1.06957187523256	-1.31046063519482	-2.07481183856726	1.27982012311085	-0.998060680438011	0.771001666235471	0.593703750809211	0.283022419758795	-0.441896746788795	0.625721152572493
Bacteroides_xylanisolvens	-0.222271580487445	1.07430986461363	3.51191475650384	0.22819422032418	-1.24650749679477	0.50575406952495	-0.910323793251467	-0.904729955120101	2.48987804807811	-0.996153730311475	0.672844669105308	0.851971696130931	3.94990247146537	-1.30944426925409	0.333804078000997	-3.69756390162123	4.81621603326251	1.18949778590884	-4.19942671422004	2.15255819245275	-3.34137907704072	0.529562151924308	2.68681646843574	0.211618853311631	0.0405203394059624	0.941764076905591	0.804237225536434	2.45215901976363	-3.75500666302451	1.42404740049859	1.76387517918955	2.13426428221698	1.63375506550074	-1.30222954472438	3.56315019030479	-0.872832432938074	-3.32380342082165	-0.238605408720018	0.256136079396432	0.227945204524856
Oscillibacter_sp_57_20	0.0835744847953763	0.661629965129708	-4.02987525204108	1.13717107321801	1.1411738086137	-1.31922988490468	-2.13707082923169	0.286623738484368	-4.40243590913624	5.06951187237255	0.191080062905149	0.115118335001171	0.871375020903846	2.25642768471014	1.74582854618451	-0.336488679129009	-1.0353235785539	1.80237695787634	-0.466227117815011	-0.399729982176463	-4.58375445088106	6.55476356197947	-1.36204521397927	0.210856420497987	-1.58129647453981	-2.91063312653984	0.145466366294949	-2.47151055688127	-0.393931440532296	-1.40827024981956	-0.433317728143828	0.862178645362811	0.950566627085209	1.98809728900059	-1.11215636830422	-2.0995794689183	1.81489432259418	-0.111022456339838	0.218819727267449	0.0432730127857732
Dorea_formicigenerans	-1.54659007886048	0.496309706542109	1.32732906600549	-0.206735895614007	-0.310205252131536	1.24262799425716	-1.62532299216504	-0.427097477240577	0.789114852325015	2.84630702122203	0.426810195924537	0.390832732431591	1.09973740236213	-0.574696740224248	-0.267466895681407	-0.0890816599906732	2.73641244725635	-1.13135359968458	2.00814455386162	-2.05937053278987	-3.51994267185884	0.344363070026572	0.590793028074716	0.198618812065217	1.8745048932199	0.591040393071515	-0.133920958753498	0.319561819191135	0.311840542137534	0.0484935839416548	-2.09295827875723	2.80587165736194	1.42439947277308	-0.342956802452959	1.88222967882064	-1.58783163185165	0.207835439880866	-0.139466388873102	0.320383508767312	-0.155855973550518
Clostridium_innocuum	0.210201035946652	1.72283993062696	0.631340649333738	-3.75211461041389	-2.17119881626041	-5.19877748088246	-3.52583664115186	-2.19868967704298	-0.677562723978467	1.3259376107072	-0.437862166879876	-0.609248091466725	-1.39378327472756	-2.23413558871973	4.24759364833257	-2.81056453295363	-1.76356669111798	3.07619644914355	3.71858900424004	-1.9608993680865	6.53921970645232	0.505589610830482	-1.87902991513589	-1.70135675599089	-3.55423942288118	0.627571990447385	0.610850909236996	3.08771309500471	-2.86800729435691	1.94139718010445	-1.99448711405386	-1.20662326432232	-1.85690554231405	-2.22692086419002	-5.21630952458474	-3.48834528083847	0.916536096771735	0.0585022729120239	-0.0157524262710164	0.257463838605742
Coprococcus_catus	0.233184586972043	-1.01401807966509	0.28179433604791	0.0786256029802773	-0.846844048461034	4.23615856571788	2.29644078556781	1.26007034607409	0.600786735192828	5.14185975178234	4.28062891054322	-5.03972213435918	1.66806083576133	-0.909780820920354	1.78014648665807	1.47294734410631	-1.14322205229352	2.13847395990576	-5.10706240300178	-1.22665919379298	-4.60466948231416	0.511925912395652	-0.382697031301047	0.214031857948395	-0.152441442811063	-0.082577431840556	0.173044869188397	-2.23591843003496	-0.769292793691247	-0.594969759440227	-1.26024693976034	1.82008784197803	1.24909649044275	-0.902566096390642	3.0102946986666	4.71804891471818	-7.49316548899792	-0.256793691567422	0.37713794883651	-0.187956668735881
Eisenbergiella_tayi	-0.12160019972916	-0.50469829740801	-0.904131445678927	3.12037317301812	0.965667574444697	-2.88775949077015	-0.234735900719118	1.25131871529101	8.96299015440136	-7.18113173858174	1.0686232357042	9.0283830864355	0.67228924886634	0.902730801985377	0.546984381574605	0.046602353376026	4.67908720330646	0.199027436120169	5.93412237998009	1.1583702413648	3.66227218428893	-5.9991371567095	5.91417528648994	0.212703777055833	0.734965740836092	1.17305835123573	1.70706490564737	3.80900773649947	-0.0108303944469386	-0.283820221876903	1.12478249539743	-5.64819008923535	6.98597893863916	0.909945526515089	-1.05672166447732	1.77799497489884	-1.71143960551403	0.990167037793158	-2.15681148592072	-0.311799306721826
Paraprevotella_xylaniphila	1.24489856860046	2.3129889756175	1.52991166373803	-1.06205107424674	-1.68118068691166	-1.27617601947194	-1.48268526252027	2.5724983436632	0.357309390679889	-7.42202414886006	-3.82497240018676	4.70898134540766	-3.89354807479928	-1.74411745937098	-3.45048832188227	3.09793971471178	0.928486965907117	-4.85523532118116	0.598668035230643	0.300156518658956	0.264713614380785	-0.568995052083795	1.42714787979743	-0.0524507336806329	0.0949962727193321	-0.855997601790088	-1.3122077794036	-3.69495239609941	3.72631038027993	-4.92458487555961	0.26656877269159	-4.78123576260571	-0.463303856551647	-1.73690273484126	-2.39637611012551	-3.44685663337753	1.5579224865041	0.244508953042983	-0.388920198117072	-0.064664181621213
Oscillibacter_sp_CAG_241	-0.674634207278446	0.811957368228052	0.117467817273878	-0.636828178207257	-0.913350672682836	2.52102871342296	-1.28320687468762	1.54141404457568	0.831764866487079	3.98267675622455	0.427832326175468	0.724340747110546	1.40730911151816	-0.976287445142156	-0.0642673898754376	-0.464634304012482	-0.712674695687989	1.98077954564776	-4.61974627140998	-0.991211190977732	-3.7490462370749	0.151360585287746	-3.57212923507073	0.208037538032624	1.66903182784361	-2.53217891816582	1.48396269369516	-1.9672514473842	-0.522077065415769	2.21391331150551	-1.0247989369451	1.16490846060749	-3.5500048622489	-0.969072720612444	1.52047254938987	-1.24571551437423	0.693053726395148	-0.0922510836043373	0.122331862415497	-0.2601694877459
Eubacterium_ramulus	-1.34386001923676	-0.816126725104238	-1.09361550548957	1.74489562060418	0.433871107885525	1.41286905212993	0.770324488918829	-0.909916587395682	-0.585908542498059	0.629334074101366	2.72985648203065	-4.43700568843633	-2.87836987121652	2.80065588085424	0.505927331346486	-1.69219733782423	0.786101784867545	0.480443375451224	-4.02668768528938	-1.07750763014857	-3.08381643971162	0.456045634046729	0.3493050481858	0.208652628164384	0.194597861862608	-2.23136071328606	0.193476894382565	-1.20827212685808	-1.74964009922752	-0.18385059640388	-1.11109537611594	-2.73033816433911	0.127902485430241	1.41723332682713	1.17775949139503	0.936613812493826	0.385734323700446	-0.0869335222759262	0.279294868077462	0.14665767148004
Slackia_isoflavoniconvertens	0.272290777176663	1.73829434213362	-0.428149286302782	1.58788363482537	-1.5644797992316	0.141358689504809	-2.13908713515515	1.16797938175677	-0.34339715085835	3.97233055218212	0.351793622853057	-0.0371972816064954	-8.84415585144112	-1.62741657169092	-0.347720615964915	-1.2711104900421	1.82670549706866	-2.73127673353468	-3.65446669224738	-0.867422357359568	-3.71763601978975	3.59317374874705	0.516657605368112	-0.319353165526298	3.36302933017058	-0.00526186291660583	0.846360841278164	1.03456208353773	-1.32855325144538	0.321856414222912	-0.901010103326934	1.76474576376911	-0.161860309541225	-1.62020184716121	1.05967196125892	-2.10159577484176	0.100013260086555	-0.0378502558686748	0.0129938470975806	0.161808963565688
Eggerthella_lenta	0.664780091255948	1.47516212758741	-0.23427813092158	-1.90776987526832	2.1356127548608	0.0483820001661246	1.32681936566119	-4.97703979186536	-5.87964547715992	-2.02471246139058	-2.93903757047485	3.78502650093287	-0.345017913418512	1.27425197689306	0.0669957469882709	-0.544080689627056	4.83547643975665	0.0136343411036899	5.47209350030781	-1.8916363866717	-0.578166873061231	0.534106439844306	-1.13950608710625	0.212076467971894	1.58433172026915	1.5607677304319	-0.400788864608677	2.57086047774092	0.68705666857949	0.241766517305569	-1.92522413263907	-0.131327100763364	-1.11738171428442	1.79911051074132	0.118787311505349	1.02303318624451	0.113371376236457	-0.152438848070146	0.229397107924645	0.170443441419463
Gemmiger_formicilis	0.507152806729123	0.00372830924711054	2.79495909473016	3.45390049960198	4.49852087978451	1.76648379965419	0.822163289229918	1.00381674595355	2.67263125337749	2.34638653381816	2.02706872511079	1.02233667206019	5.51093333618094	4.34893302051794	-1.32042407284358	0.0464663355766485	2.83826689080646	0.689969795090811	0.669094499311454	1.1582552342027	3.66243883887572	-5.86760448764211	3.15240837593696	0.213784379463288	4.94628915110869	1.04057999487434	3.98517612505349	0.0163079524590146	-0.0109764258266383	3.80135511353035	1.12466748823534	0.876086912383991	1.68558726459742	4.17351243773564	1.422815941762	1.0073858047004	1.06661820813038	0.387293026991843	-1.09097672525483	0.140097554473739
Alistipes_shahii	0.0766215731800046	1.76502857503614	-1.78753313759253	0.648482604284904	3.72812226299374	-0.315388484758192	0.351256256740141	-0.345943518204703	1.60184629716068	-8.35696544066914	-3.54295898389648	5.53356296848506	4.42057698623588	3.16880587665808	-0.274916999441172	0.0468000619827459	3.58427099542071	-3.06531546797071	-0.520589414873116	1.15787656589444	3.63567790309233	-3.97714590381033	1.85475565453193	0.0848983056355445	0.669825553095766	-0.615586916250842	1.15695551920327	1.23214099055067	-0.0106426994205409	-1.16627789542656	1.12428881992708	1.512340954771	1.42507276684046	1.71437762061223	0.790291570614846	0.676122471141363	-0.409105058471185	0.31349100286579	-0.648601661358649	-0.0480587895227862
Eubacterium_ventriosum	0.152655433625027	-0.36205913725176	-1.83944174984381	-2.45370753262458	-2.48272511478336	-1.5361006696642	-3.56968086417432	0.214143000321374	-3.7271057470879	3.04738108499996	-0.477265069006188	-0.55502884555608	-0.318069163399438	-2.54566188724268	-0.50079273472407	-2.37346567221296	1.21427543119838	-2.64540837492262	0.619368013105399	-0.48800076560084	-3.03233662327485	0.0935554792439299	-3.69706772307732	0.18124617407808	1.64438018122954	-1.97609452371086	-2.00949033212271	-1.90246811265215	-2.43090843361625	-1.71228910491447	-0.521588511568206	0.348788428386407	-3.67494335025549	-2.53844716271297	-2.66651294331643	-3.53215707893417	-3.3189291913905	-0.0180124880515948	0.104215447868531	0.925523992328505
Ruminococcus_lactaris	0.991285931080624	-1.84210791292467	-2.06582078674719	4.48325316454949	-0.820538134535863	0.00706024571055819	0.725097214620161	-2.82926557235242	1.64796685136943	4.33666397317401	0.68084167528321	2.46946078073233	3.66016906158378	-0.883474906995183	1.79376197566411	-2.37226308889998	1.39008713917186	2.50450314794268	3.46190470095635	-2.02658177928034	-5.04674568852144	0.533950663105186	1.83397628327033	0.21430326769838	3.04728659907622	-1.76022998456444	-0.528580150123508	0.696487339790024	-2.42970585030326	2.26729845001717	-2.06016952524771	4.2707273282909	-0.514392517507076	-0.876260182465471	-0.0104717979917215	0.762588574933553	-0.844645019332391	-0.6446150380888	0.851083030070489	-0.0862915034605456
Bacteroides_finegoldii	1.77318180701141	-4.8151985615758	-0.175192925724245	-1.95623119328437	1.04635318998425	5.00941749020214	0.740274568836737	2.55144479103564	3.49132834829479	3.30953947885982	0.6774018614309	2.4890498323366	-0.0758433525140087	2.88206056682836	1.79373592843435	-1.20552010841978	4.51135734872272	-0.296012622969491	2.33825796481133	1.03259672208722	0.843763916886278	0.534045285478767	-1.43879725078919	0.214267206888291	0.132271698809096	2.15624757643257	-8.03895660352317	5.16551789885298	-1.15101545256385	0.360199307346539	0.999008976119859	0.137875533928829	-1.41667287796736	2.09887156764134	4.36398937601951	0.777765929150129	0.523701194962043	-0.526168807200433	0.540240456427758	0.87164735391603
Clostridium_symbiosum	-1.02645413973923	-4.80440344515124	-1.80445656517432	-3.45038564656196	2.34523001197903	-2.62838773326283	1.6181144172359	-0.977577902598395	0.236449588910632	2.26963279827587	-0.27826488923858	2.98404795955867	0.0132878090565403	0.668888756916637	0.277748830217336	0.901151284497852	-0.547751027780275	3.30486060891833	4.38340347643853	0.656692793667649	0.514567702210375	0.341299093261893	-2.84653018454888	0.206465256910416	-0.509915561282209	0.81092353697334	-0.135018235560329	0.711884709651626	-0.383079789102166	1.31018148853798	0.623105047700284	0.0432114818000368	-2.82440581172705	0.79719875136479	-2.64591977696511	0.918855681466604	-0.116441484252435	0.00245115973493306	0.175811772312348	0.361944373397689
Streptococcus_thermophilus	0.217086385697171	-1.13673081102648	3.71396067401483	-1.24967397902427	-0.347672374209478	-0.92612008647328	-2.65724628623242	-2.13655171565534	0.834656138793521	-0.103419917979322	-1.56037879895995	1.42329854797572	-0.32871938093255	-0.410609146668797	2.61773515452764	1.90345595769274	-7.3198523108537	1.79134957705225	4.36289494868279	1.14808599635061	3.66058295885367	0.513644224897559	-0.501456544202353	0.214080376129243	-2.12974873264985	1.9469992720655	-4.25875087689963	0.354256349260963	2.4322820981144	0.295969759369092	1.11449825038324	-0.133344360361142	-0.47933217138052	-0.403394422139085	0.584462665509255	-2.61975492591903	-0.91738318995617	0.207977743097304	-0.312579433356101	-0.234043713958402
Butyricimonas_synergistica	-1.70265363553162	1.0773790269824	-0.193323347362734	-2.14602656815467	-1.75382372852237	1.09950496359462	-0.230813438255739	-2.45184168986799	0.359248747006946	-5.03255500213154	-2.34612370443176	3.27130706142634	-1.25534719570229	-1.81676050098169	-0.436048500638987	1.8904998152672	2.59528903321673	-1.48181961263929	1.92232554789544	0.629051998099645	2.24221673527999	0.534038877979453	-0.487026170295264	0.213983637790772	-0.136527121865324	-0.400651732725756	-6.73877712201682	0.298124420101799	1.6155415852665	-2.18863273665885	0.595464252132279	-1.04163093186383	-0.464901797473431	-1.80954577645198	0.566367291401894	-0.463371649933314	-8.17717504099987	-0.0690708596029297	0.326918889846032	-0.378433216662545
Alistipes_inops	0.281253706425473	-2.69621123972216	-0.732374403270937	0.684896869917533	-0.421167762240484	-3.12164811686879	1.99648958985095	-0.52796391419889	0.0458526507773924	2.82137261017314	-7.15669942807983	2.49816807638854	-0.802583101826409	-0.484104534699803	0.604200489419912	-1.40523274250639	2.32389931039264	-3.35223315443311	3.55561941500664	-0.0740232022196453	-0.193871647917799	-1.08947932074911	0.659291043478463	0.169396562080476	1.34062382499022	-0.0984290934034756	2.8393898396531	-0.242666331474625	-1.46267550390968	-0.122378120875163	-0.107610948187011	-2.26832754231457	-0.682446084916592	-0.476889810170091	-3.13918016057107	0.696697443174863	1.63144231243946	0.0503504846475109	-0.00696142289477091	-0.295765001626153
Clostridium_sp_CAG_58	-0.779641766339496	-2.86489524545946	-0.589150044712282	0.448326273222587	2.64348056797116	1.6383586983263	-1.02006595786328	1.23372628517626	1.1388980270186	3.84635869379244	-0.442814001558526	1.91444693040103	-0.785117868023614	1.20745531646978	1.02907339443586	-0.880580321031933	3.49847106294086	-1.33447931494032	-1.94628769520759	0.896773502072652	0.41153916636748	-0.352636211618249	0.874173059660409	0.211676908235642	1.17061671534819	1.02939542170082	2.20428470659646	-1.83963837975725	-0.93802308243522	2.54214095070382	0.863185756105287	-1.46898109532361	-0.421317063271999	3.2283806590186	2.23260062236694	-0.982574597549891	-5.70149564341686	0.00934051929479687	-0.0237661478264878	-0.0902687016142798
Lawsonibacter_asaccharolyticus	1.07947159907226	-0.436777254965689	1.44853320380762	0.572573585768363	-0.889225931128576	1.34615506334896	-0.00836044009442305	-0.960708849353805	-0.424469362123914	-4.69497336761006	2.38376473474671	-2.13079040218145	0.37926983491828	-0.952162703587895	1.25371818949601	0.914965137761707	2.71923772649219	-2.45131848539625	-2.85532671574592	-0.268593505182902	0.831415026581713	0.305945194259818	1.87766291161201	0.211004299621674	-2.56919637402253	2.13762577410255	0.214385041479199	0.292980583961166	1.41239202815285	-2.93753958747367	-0.302181251150268	-0.11498523570065	-0.390639327466488	-0.944947979058183	1.80132187206653	0.40332736020043	-0.253106828490716	-0.0118240413957253	-0.0338489477677892	-0.0715937356664134
Bilophila_wadsworthia	0.376251946896359	0.59313307103834	-1.48133620956824	-0.343562261800149	2.49068954471676	0.0812660018979972	-2.37900822814221	-0.382737495226874	1.85192727007061	-6.02234877959736	-0.641841659067376	0.798567960970104	-1.41695529563973	2.02662710277807	0.311503536600087	0.00497783712732297	2.45165411786487	2.14359547410692	0.69094079371453	1.15855692311223	3.51735222259802	0.205423734084304	0.754666819769357	0.201559198598954	0.447092234290072	0.467889776187284	-0.584149232622059	1.23517617827193	-0.0524649242759638	-0.810961018061443	1.12496917714487	-1.51499111271862	2.65357861667871	2.83328864852055	-0.000598407793967581	-2.3415171062474	-6.89326810435436	0.192192212887762	-0.422518799935157	0.288082834033828
Clostridium_bolteae	-1.44103371003266	-3.47355808916369	-0.822623405250765	-0.362029986123421	1.58572152141659	1.83091163738365	2.00237328354602	-1.71383611135007	2.68727754511028	-1.70802678481587	2.2744719891565	-2.34292190242559	-0.120777491169671	2.21835736362707	1.35469059233687	-2.24273659296644	2.6544809754317	4.67642881189074	-0.347969118394845	0.801030590972264	1.84949037352843	0.527974880233939	0.039019777971719	0.213309568863007	0.735881596005389	0.811590870576245	-1.09231652927008	2.02412674074904	-2.30017935436973	2.02679919197579	0.767442845004899	0.0888233401679567	0.726562358438969	1.79420087615117	2.32445585031417	1.61910305862382	-2.43916987971447	-0.100526242307664	0.256178130473321	-0.0625809247805072
Holdemania_filiformis	-0.919083941966251	5.2638767748805	-3.7306179735987	2.05860750224175	-0.0427651118841909	-5.51389436320668	-3.96180694754834	-0.00982216767789357	-1.26474274240345	-0.790780919947706	-0.479251989839776	-0.955921580083668	-3.76981145484994	0.377495909021014	-2.18087600956538	0.0464830844818304	2.38328937844684	-4.26083539213453	3.79958229895592	1.10288499279912	0.818907111084887	-1.75214123080618	1.21804095764777	-3.03342651059141	0.689112722075411	-1.31884268884148	1.88611320543679	-0.0654079591678012	-0.0109596769214564	-3.05105377242546	1.06929724683176	-5.92387635327343	-0.299433849751949	1.03865990916356	-5.20361087422463	-3.92432941551254	-4.6646413762965	0.328359351702689	-0.496836791668708	-0.181126281918426
Adlercreutzia_equolifaciens	-0.698570240527347	-1.33486475649157	-0.594648215564944	1.1380918457705	0.847898362914012	-0.619440360826307	-1.50605123694653	0.41596474476336	4.98215686239391	-2.86909713164815	-1.48881913137267	2.43006932269782	3.73986643211295	0.784961590454692	0.864354408878301	0.0466147511421393	2.98963908509662	-2.83250878538404	5.70401483412743	1.15838746710714	3.66228422442717	-3.30008529971487	4.33056284447334	0.21371550629625	0.726652114785143	-0.359454015535968	-0.769420823570164	1.18627795820967	-0.0108280102611475	0.0256853301765486	1.12479948272119	2.21017651938434	2.08382711559534	0.792176314984404	-0.628595090914695	-1.46855987663314	-5.09085893229626	0.377374188252448	-0.729424904022987	-0.592362795324464
Asaccharobacter_celatus	0.0238628198802915	1.39851818380079	0.0674866255195368	2.6875211432177	0.41158097494571	1.42663689060802	-0.264761084873628	1.64732363052844	2.95752524294048	-2.18659724608906	0.454606106759803	1.7327218754217	1.38365846530845	0.34864420248639	1.65676785220525	0.0376575737415503	3.15099243478229	-0.632162315504892	2.09387725230218	1.15829332157071	3.60724139133734	-0.834805958970849	0.464840784269784	0.214104963045212	0.614698409235903	3.26876207228218	0.336750367168514	0.310458304937042	-0.0197851876617365	0.700018500232892	1.12470557560335	2.04102425955768	1.76979479938745	0.355858927016102	1.22199901242164	-0.227269724560236	-5.50612020091198	0.110023022838591	-0.439665268097694	-0.529920552225251
Gordonibacter_pamelaeae	-1.28021268942948	1.73516152200422	0.474381473270201	-2.16875060055671	3.06140711788265	-0.619850202363783	1.9638677293468	0.611284397320733	2.4382036820808	-3.07441415206441	-4.50047613096069	3.62560612987727	-0.11937129839013	3.3865242394663	-1.1374335218487	0.0430611222206305	4.53620986298968	-1.22013829435621	6.0140019023037	1.1561942844003	3.55889597455306	-0.0195338885033769	-1.06196393857577	0.199574959974381	5.27765092173857	0.979613681989057	2.4382474808732	0.0915960321380269	-0.0143816391826563	1.44881873323937	1.12260653843294	-0.472572692403836	-1.03983956575394	3.69008014479741	1.00141026873496	1.15283612852051	-1.98854398326061	0.244970099278449	-0.5981917482956	0.227182741908889
Cyprinid_herpesvirus_3	1.2993164171875	1.65995029506407	2.31766417285516	-0.712737820709923	0.0353922236355997	-0.420136256974989	-0.467186147530031	1.42565610237597	-1.66704643808217	1.69535098656169	-0.487758824346764	2.97300679516047	-4.83496338470529	1.48491303055059	4.19281984080694	0.0418758838592718	-1.44269748373578	0.931903856141227	4.31143527861596	3.65444348736699	4.82434126654906	2.57587695767039	-0.338725611966636	4.42448211977968	-0.793431312644056	-3.849358836455	4.61678985643777	3.26189312582747	-0.015566877544015	0.926372398877339	4.65831368436227	3.0758163251781	-0.0677031502127647	2.85840390006169	-1.41051504712197	0.0531489098544365	-0.903657432357293	0.0955382075390801	-0.446107874546821	0.227537806777816
Rothia_mucilaginosa	-0.303891178924546	-1.27386822405138	0.495602276531004	1.83771483447137	2.15941396240322	-0.854796930116468	2.08972353283649	-3.0397207515669	-1.08708060823292	6.22622404678813	4.17388795900513	-3.30887334514409	-0.400375548439721	1.52763573257696	6.61280751933477	-1.07332374163282	-1.6731135432298	5.97082735810961	3.74680775042535	0.792891248902639	3.2599901921515	0.5335030024206	1.61059047241828	0.214446080427262	-5.91892376621919	-0.214705089373248	-1.64028330754843	1.49431368952528	-1.13076650303611	4.1714386840107	0.759303502935273	-0.18739540196423	2.99765596538782	2.85676334181889	0.694927476834328	2.86306081657364	-6.11436223582409	-0.0849918860712066	0.14152302321357	-0.522719059438844
Clostridium_sp_CAG_242	1.74414361616974	2.24819193181715	1.34199323913171	-1.47826500389991	-0.945243806799962	-3.78811101512318	-0.938203150589418	2.96827866859911	0.544473578111224	1.28493557556621	-0.86480201196502	3.69791800808161	2.2894515361016	-1.00818057925928	-2.24215220699885	-0.0114268810333063	2.1181040223067	-1.16005514349256	3.93285375472069	0.153277799329122	-1.33494559010225	-2.21183537791616	-1.44884179572442	-0.412337603468803	3.00586828509612	-1.49456731442894	2.30162266779336	-0.948621777241074	-0.0688696424365931	0.455982806416051	0.119690053361756	0.184858209719615	-1.43710716813803	-1.00096585472957	-3.80564305882546	-1.33693648929641	-4.07560062007092	0.117679313965796	-0.374763558541114	-0.107470665426393
Anaerotruncus_colihominis	-0.0412327239810977	0.305096724602793	-0.803839299473025	1.67788831736626	2.60842397693722	3.25711687012309	0.446407912116099	0.514281652646051	3.52068792738109	0.944654327473559	0.678247085096137	2.19499875884503	-0.615431490975122	2.73581055729162	1.79335427989385	-0.775986805635815	4.07692603425433	1.81757934604372	0.119061883649833	1.12612111850675	2.32652714768691	0.534130162492927	0.461260690885995	0.214208794336411	0.466729759371706	3.77367921705757	-1.27956338834372	2.17365035658614	-0.833429567039102	0.694534142756657	1.09253337253938	-0.401726611623807	2.78996620327234	1.76536355296239	3.25532879729179	0.483899272429491	-6.01621484355114	-0.224906979850771	0.0476259934560706	0.0378481258438634
Veillonella_dispar	-0.484886992961124	0.884662294361208	0.584765758720182	2.18776981379571	-0.247235686739995	2.73672427340145	0.543189054637748	-0.654519953055396	-2.46165169320912	3.33238999231807	0.6791168360727	2.28792595025152	3.59455936805656	-0.310172459199315	1.79328457226178	1.19688998154985	1.00387990133216	2.49723662648882	6.18369620676995	-0.448699847021739	3.38847690740866	0.534353262678321	-1.93446432093957	0.214224529962632	-0.891832501494459	2.79033013220344	-0.414694032188328	0.305396618898071	-0.000799826800911951	-0.663940797304912	-0.482287592989104	3.29589383982654	-1.91233994811773	-0.302957734669603	3.07083191771415	0.58068041495114	-0.237472530166131	-0.370369209698679	0.36896585401458	-0.412155036182542
