featureid	Intercept	disease[T.IBS]	disease[T.UC]	gender[T.M]	donor_id_manual[T.DONOR2_T2_B2]	donor_id_manual[T.DONOR3_T1_B1]	donor_id_manual[T.DONOR3_T2_B2]	donor_id_manual[T.DONOR3_T3_B6]	donor_id_manual[T.DONOR7_T1_B8]	donor_id_manual[T.SFM028_T1_B1]	donor_id_manual[T.SPORT17_T1_B3]	donor_id_manual[T.SPORT4_T1_B8]	donor_source[T.DONOR3]	donor_source[T.DONOR7]	donor_source[T.SFM028]	donor_source[T.SPORT17]	donor_source[T.SPORT4]	donor_gender[T.M]	status[T.BEFORE]	age	donor_age
#q2:types	numeric	numeric	numeric	numeric	numeric	numeric	numeric	numeric	numeric	numeric	numeric	numeric	numeric	numeric	numeric	numeric	numeric	numeric	numeric	numeric	numeric
VFG043094(gi:15802300)	-0.140641670567649	-0.349579773417541	-0.606661005637475	-0.0921203777060977	-0.449974873874869	-0.766067515100752	-0.444049763573068	-0.490805468388966	-0.497737017061029	0.132878118327686	-0.329089435722147	-0.484042528331546	-0.623523232154548	-0.496503364401204	0.132884943059513	-0.216706497701151	-0.469606256119109	-0.761581604289157	-0.651838972951685	0.00259053633947458	0.105434983569596
VFG043086(gi:15802291)	-0.529832821232932	-1.06869079875095	-1.33826909842236	0.00482978077073182	1.34500684418849	0.0214732783181327	-0.461097535757082	-0.327084428497723	-0.307075840021883	0.625541054776737	0.977432218406882	-0.486731619587434	0.0324742825701833	-0.305842187362058	0.630271249583789	0.274055020777243	-0.472295347374997	-0.780441687362535	0.315213427160467	-0.0323729149864188	0.125729934844588
VFG043092(gi:15802298)	-0.995962243420737	0.747442998417786	-0.1429603833173	-0.00238137541870986	-1.3535771759493	-0.416090230430875	-0.474124339489	-0.224764964410237	-0.333083864833627	0.745145076087543	-0.358048665310655	-0.58470040863779	-0.254481461457908	-0.331850212173803	0.745583319238254	0.584791140524404	-0.570264136425352	-0.315904711293323	0.104401692960943	0.0182116517930159	0.0521659996094448
VFG043083(gi:15801199)	-0.226779382569449	-1.52519687222583	-1.95150725426418	-1.66486593930583	0.530691405917917	-2.11688769885472	-0.374096113336938	-0.390491953917912	-0.225453611995493	0.486139827540943	0.910580840919699	-0.850147727191714	-0.179398354701698	-0.224219959335668	0.486183070710727	0.0743967163243464	-0.835711454979277	-1.53869104843054	-0.17559607305697	-0.0461094498501292	0.230375997323011
VFG001444(gb|AAG10151)	0.044077444928033	1.7860398669328	2.6534939569022	0.45390334875722	-0.923147925947394	2.3540902035577	-1.79591064442481	-0.0751114402498518	3.55805245361158	1.41883223610265	-0.73290780463389	-0.786666813552646	0.276332798786461	3.52958964173283	1.41903420644147	-0.315174950393183	-0.772230541340208	-1.67108047466193	0.693936512087073	0.136393278105451	-0.27038601080754
VFG012874(gi:30064027)	1.09986533607755	0.294436850079468	-1.48652677120907	0.428195805860949	0.253057262088571	-0.937807272161756	-0.0166480718978814	-0.238837948867253	-0.442252107496773	-1.71755523128169	0.422688332412924	-0.575304004609851	-0.845778730325401	-0.441018454836948	-1.71754840654986	-0.510396076472742	-0.560867732397414	-1.13485137085829	-0.183596327688013	-0.0283196315036288	0.0673900019111378
VFG044159(gb|NP_752602)	-0.794949334008353	0.582115568646363	-0.677723041496107	1.20124462397237	0.422094246532236	-0.21265275308064	-0.30696583081569	-0.258919811674527	-0.458076764430319	-1.02705294532435	0.165869739864554	-0.178656968534259	0.774335149116814	-0.456843111770494	-1.02704612059253	0.55226309773113	-0.164220696321822	0.552063877774136	-0.279168471481119	-0.00311132826443229	0.00394645293376275
VFG044165(gb|NP_752609)	-0.920264463765281	0.676535882481507	-0.860685541055032	0.865987570597125	-0.208463126633848	-0.207542608465467	-0.221384259951966	-0.170044413634709	-0.407981191362653	-1.21837956351893	-0.170019435669695	-0.343634533942012	-0.455073532275856	-0.406747538702829	-1.21837273878711	0.389818506208914	-0.329198261729575	-0.269278650092227	-0.225373074199472	-0.00349521663572107	0.0538076717140419
VFG043087(gi:15802292)	2.68768431629453	0.33960638237851	0.723072127678565	1.40638235361714	-1.19626686892339	1.52046798637935	-1.62957935322608	-0.222331217357091	-0.929272976304804	0.410345130733081	-0.510477396632944	-0.518583080977468	0.785955313034356	-0.928039323644979	0.410047107509204	-1.18728957894657	-0.50414680876503	1.42714505930032	-0.0495644954698427	0.0657692991330155	-0.253171861570861
VFG043545(gi:218560235)	0.966116327898843	0.25323239756482	1.0097453158881	2.33940699846883	0.101188739921365	3.31169890335628	0.352188003169639	-0.142562857695988	-1.29622843542269	0.880246692470142	-1.14852628388575	-0.0523224801423827	1.18386602718383	-1.29499478276287	0.882902705243656	1.15827621695186	-0.0378862079299454	3.955948169423	-0.734924070324217	0.0443969436122903	-0.253699660700347
VFG000927(gi:26246566)	-0.111668746812003	-0.911936424246856	-0.557090687326023	-0.758033125089215	0.164310118343149	0.415777315412249	-0.0935381828674248	-0.1505015705313	-0.240544077541147	-1.02189213676112	0.431337562416281	-0.584446455598144	-0.679229561798275	-0.239310424881322	-1.02188531202929	0.141750650373953	-0.570010183385706	-0.594003801154239	0.343963846777167	-0.0146606962994805	0.0867184266181929
VFG043081(gi:15801197)	0.339203704254968	-0.812808922997543	-1.40144036593182	-0.3928439900146	1.04614784398249	0.803591002736773	1.04719741355096	-0.0346294258322035	-0.201027449752603	0.527773820928165	0.458071556900229	-0.495335070662467	-1.43242460172623	-0.199793797092778	0.527606033853122	0.13783712860729	-0.480898798450029	-1.15740889768515	0.020321116064276	-0.0174841850862971	0.0657603960218174
VFG000477(gi:16766230)	-1.44141529117312	-1.14333423184497	-1.83977250637753	-0.616742341207074	1.41010954060725	0.288258303914751	2.05027873526726	-0.0479507659162794	-0.221770074750696	0.625480764678546	0.772729006622519	-0.25752251154211	-1.48409765642136	-0.220536422090871	0.62548717217786	0.998048441378134	-0.243086239329672	-0.528832037853343	-0.505751639391695	-0.0537027872965804	0.198777906197522
VFG043110(gi:161367587)	-0.68513331924166	0.31009320212262	2.51092822966831	-0.277984632538365	-0.629235843036856	0.410284985814776	0.837893676864249	-0.600670083292893	-0.2719867048519	1.46606331425054	-0.92327907958201	-0.280771243632106	-0.027857836894691	-0.270753052192075	1.46123262601239	-0.989871544869883	-0.266334971419669	0.702084119511502	0.216094002340521	0.00700117155377354	0.00314623822591134
VFG043120(gi:15802868)	-0.307561095697539	-1.19670637654407	0.0687407415892397	-0.73647978751521	0.161919614459787	1.00446294716426	0.423620832072837	-0.131270102092198	-0.211694982435022	-1.08669144553798	-0.140151071335588	-0.684499967158107	-1.58432674091309	-0.210461329775197	-1.08662740034716	0.224578278032797	-0.67006369494567	-1.05328608016883	0.141458794687475	-0.00170142323310886	0.0889602187754852
VFG043082(gi:15801198)	-0.580687414748328	-0.191066734067031	-2.41380183281643	0.689756126715136	2.81956805863551	-0.340032349314008	1.49410350333367	-0.0928938899721418	-0.219585415508066	0.695072048476764	2.19499060234853	-0.0323778421285429	0.920704248733819	-0.218351762848241	0.695086144975253	1.0041375326791	-0.0179415699161057	0.360291297627347	0.0779549332601683	-0.0825774825976363	0.0922748898821218
VFG043090(gi:15802295)	-0.972379010064261	0.252254702576569	-0.0874082881425108	0.606649966551257	-1.16236595234701	0.886618961606707	-1.26203136433448	-0.114826611110142	-0.327605527426515	-1.03319496554988	-0.243265445317541	-0.57197539812353	-0.609085734561086	-0.32637187476669	-1.03318814081805	-0.398706672819597	-0.557539125911093	-0.392520342873675	0.370060369585242	0.0346257828309068	-0.00266594479658774
VFG042083(gi:15832980)	0.183889020340783	0.741376676091126	0.766085223534278	1.7614283874764	-0.7923016043646	2.15936731270381	-1.30836676348533	-0.170599958726338	-0.688862052346979	-0.566727346607617	-0.151643308784281	-0.124783966005115	2.07390117961913	-0.687628399687154	-0.56672052187579	-0.25277688923691	-0.110347693792677	2.58530765314187	0.278264090631689	0.0554000727965363	-0.226225257318999
VFG040997	0.496736664431436	2.99948195410626	-1.18377409758312	3.1275902107491	2.64067186989955	1.94826649597713	-0.166583466423409	0.002247759274074	2.52945915183851	-0.647774047085217	0.0976935895425933	4.33667146855566	0.483589294739068	2.52750443284001	-0.64776722235339	1.35241331335689	2.4406115058743	-0.338120554494006	0.191314205740179	0.0303694449498185	-0.276033848923232
VFG043084(gi:15801200)	-1.71070430789675	-1.11729582356555	-0.280144913813898	-0.800261406587171	-0.098810205076422	0.085618247304644	-0.848459201944726	-0.220384499856404	-0.195910629417215	-0.676659948059491	0.00642594418355397	-0.470925126470892	0.372118833847344	-0.19467697675739	-0.676653838583401	0.643147723642843	-0.456488854258454	-0.195619706915958	0.0775630327207701	0.00700031101171459	0.0992927277194602
VFG043095(gi:15802301)	-1.29310558353152	-0.196449301711151	-0.30945692839367	-0.0986703437619976	-1.04031244835683	0.343662967000689	-0.109896707428353	-0.0774069343294416	-0.300469678427492	-1.0640785161938	-0.275794099058424	-0.629391643464831	-1.46023267190903	-0.299236025767667	-1.06406644625323	-0.54653684619282	-0.614955371252394	-0.671758127318961	-0.336516871835504	0.0259734831883439	0.0713876891615135
VFG043096(gi:15802302)	-0.340624671322959	-0.230588770977088	-0.270270629546472	-0.133571545021342	-1.05730299076864	0.672445287023272	-0.379348005247968	-0.0621726427759443	-0.336055618311678	0.777295821479389	0.111260113332953	-0.461718843564657	-0.222405937127769	-0.334821965651853	0.777302646211215	-0.247409641849143	-0.44728257135222	0.389606411648648	0.12161730251142	0.0285699844493398	-0.0242244754252689
VFG043108(gi:15802374)	-0.513884734255927	-0.29914886461837	2.10484583792942	-1.91987559048991	-0.629268446777548	-0.920861254419599	0.962186884986503	-0.515794127115182	2.75751796684095	1.4993044670139	-0.789082053090845	-0.50082331641045	-0.296845701150596	2.74944018189396	1.49617060380323	-0.744659645589335	-0.486387044198013	-0.451024417685611	0.61449055394956	-0.0177844527975789	0.0936708232121808
VFG043079(gi:15801195)	0.882657904284341	0.634562887677125	-1.49934695543987	0.723081798864795	0.511250695373331	-1.08560765811375	0.544284355746848	-0.0971327040876661	-0.406775218035494	0.382533916405269	0.815969673011984	-0.145439955652026	0.262553575821221	-0.405541565375669	0.382540532520839	0.0421400534787348	-0.131003683439589	0.388498361302274	-0.279652580405985	-0.0341268077359668	-0.0117889721212643
VFG043101(gi:15802357)	-0.381146337730544	0.857679285534791	-0.541881455800363	0.690049321962787	-0.797309348200049	-0.397785345997129	-0.486032011998551	-0.111128113099507	-0.363619547869478	0.395013117364475	0.343174723003592	-0.31408401137617	-0.314778414182365	-0.362385895209653	0.395019912293979	-0.525333536895258	-0.299647739163733	-0.0619580791464873	-0.265357598449503	0.00942017996151532	-0.00569095502474479
VFG043114(gi:15802380)	1.07619025196348	0.135273673066071	1.35100205359714	-0.815852849172162	0.589544078494821	-1.85863364764622	0.80578107844506	-1.17201246959823	-0.214100178863321	0.971759610942432	-0.0235874680536134	-0.11323303288248	1.74715900737792	-0.212866526203496	0.971884214452335	-0.540345652135355	-0.0987967606700424	0.693183000279324	0.1119922252638	-0.0612692840264312	0.0306701879682285
VFG043099(gi:15802355)	0.661221701758248	1.18720332575696	0.713459925034217	1.14627424032827	-1.63490662894079	1.11187433174678	-0.272945436728852	-0.0918425534452711	-0.549881972904716	0.435347044042179	0.17167690119573	-0.236134025514392	0.173311236687005	-0.548648320244891	0.435353868774005	-0.805132730039103	-0.221697753301955	1.32872896928872	-0.0451626924531801	0.0423903867735394	-0.161140859526183
VFG043078(gi:15801194)	0.980231661455972	0.391734041699341	-1.4243099528764	-0.589074818776654	-0.625368678782667	-1.2709035379546	0.794120025741202	-0.0462062869753156	-0.257816996957575	0.499128871730396	0.876396146629538	-0.30026223069456	-0.306368943862617	-0.25658334429775	0.49913292484624	0.306305782763021	-0.285825958482123	-0.00836915235434255	0.0112203212721007	-0.0306285999582282	0.0255053486408932
VFG042718(gi:15801636)	-0.471405785424369	-0.237999453714916	-0.00484643759472025	-0.788076190637159	-0.617991993044104	0.478757609639849	0.168960762130363	-0.0668759856905256	-0.165871765996729	-0.575042254158429	0.0747787030679839	-0.413070957422523	-0.0848314134404063	-0.164638113336904	-0.575035429426602	-0.0268948805651494	-0.398634685210085	-0.0419347928038665	0.20779357871839	0.0158212624623307	0.00273793895861932
VFG043088(gi:15802293)	0.00830449547086443	-0.194203920236656	-2.33315758290035	0.0533704921736249	-0.944495985124792	0.638296593938555	-0.352782125664609	-0.000913492270878391	-0.358463299061571	-0.842285460659436	-0.562449040796076	-0.412332984864978	-0.299428310804069	-0.357229646401746	-0.842278635927609	0.00298118766929423	-0.397896712652541	0.408807571125882	-0.0998826769845826	0.0288880013062486	-0.0466865305123585
VFG006022(gi:116627988)	0.533860880987985	-2.0943152527724	4.49545557914036	-3.40675636975627	0.309876402999674	-3.34798098632268	0.653896641837699	1.59714547651155	-0.0302128461854799	-0.423009580799512	-1.5157697526472	1.50155007535193	-0.394857418350875	-0.0289791935256549	-0.423002875276974	-0.881713731320841	3.48944249189725	-1.53677767972861	0.190540775869574	-0.0338514380023948	0.133457758996103
VFG043100(gi:15802356)	0.548770267622811	0.449844159611634	-0.0213242608521665	0.26113185436864	-0.596027472828116	0.391021479879107	-0.229180115354913	-0.0553079162325178	-0.288907643939768	-0.558374768921307	-0.081835421706949	-0.1869912177923	0.768637660332024	-0.287673991279943	-0.55836794418948	0.600624339548605	-0.172554945579863	1.02831333417978	0.22302179059812	0.0195417340977916	-0.119779140156295
VFG005324(gi:55820544)	1.73977353061949	0.481183208950928	0.139668182709387	-0.0385382979975215	1.64397039094142	-3.27851654120854	0.700689745055778	3.28137365835054	-0.250369575406824	-1.01381570739406	1.78628107628652	3.36719667607519	1.55331373531371	-0.249135922746999	-1.01380888266223	-0.735144240888102	3.3467828277432	0.217028196049588	-1.14269830265215	-0.091544241444873	0.0376045401873333
VFG043075(gi:15801191)	0.585296411173684	-0.177057317963668	-0.699973373434373	-0.209906159328031	-0.544875012551035	0.704240192685809	-0.844751524818795	-0.0120361064161573	2.19219008407422	0.516939484647342	-0.401396612610136	-0.399038593530921	-0.314287689141929	2.19244216744389	0.516946309379169	0.692956225840109	-0.384602321318484	-0.681101341652019	0.942624852274145	0.0133079562469253	-0.07438415328839
VFG006075(gi:116628177)	-0.415733706099646	-1.3737182240401	5.39583619056003	-2.41724774091105	1.35259546914271	-2.39290500708989	1.24256916056786	1.53274384992463	-0.0385265914457185	-0.0183065001453672	-2.26003435530833	3.27053034001562	0.461061600036919	-0.0372929387858936	-0.0182996754135404	-0.256428239973528	2.7515872958981	0.147538538170712	-0.27876357712916	-0.0329315408931247	0.0570615377011044
