featureid	Intercept	gender[T.M]	donor_source[T.DONOR3]	donor_source[T.DONOR7]	donor_source[T.SFM028]	donor_source[T.SPORT17]	donor_source[T.SPORT4]	donor_gender[T.M]	source_id[T.CD16]	source_id[T.CD17]	source_id[T.CD27]	source_id[T.CD28]	source_id[T.CD35]	source_id[T.CD38]	source_id[T.CD5]	source_id[T.IBS2]	source_id[T.IBS6]	source_id[T.IBS9]	source_id[T.UC15]	source_id[T.UC22]	source_id[T.UC3]	source_id[T.UC33]	source_id[T.UC36]	source_id[T.UC7]	source_id[T.UC8]	disease[T.IBS]	disease[T.UC]	donor_id_manual[T.DONOR2_T2_B2]	donor_id_manual[T.DONOR3_T1_B1]	donor_id_manual[T.DONOR3_T2_B2]	donor_id_manual[T.DONOR3_T3_B6]	donor_id_manual[T.DONOR7_T1_B8]	donor_id_manual[T.DONOR7_T2_B8]	donor_id_manual[T.SFM028_T1_B1]	donor_id_manual[T.SPORT17_T1_B3]	donor_id_manual[T.SPORT4_T1_B8]	basket[T.settle]	age	donor_age	time_point
Prevotella_copri	0.217495815179843	-0.554837823080431	1.34867677809754	1.84489237360789	0.297580124344677	-0.381373447623836	-0.648557745452438	1.59613043899714	-0.554178629606862	-0.790793635616345	-0.68281154527462	-0.704222606731491	0.559782574352409	0.328965838158703	0.886346397343524	-0.0809456217102706	-0.534580297152778	-0.670843034350712	-0.866828049830344	0.193748699301588	-0.00609970097866608	0.397445965425244	-0.177174958266862	-0.91595788882114	1.60923143329066	-0.146531324334709	0.0858626705926976	-0.374255141692369	-0.146065803011879	2.77091824680766	0.21156138249041	1.59389658638143	-0.118607689626515	0.297864000375349	-0.487149993905665	-0.637538582119825	6.54428646500622	-0.0172700479306513	0.205907610829204	-0.332942896655628
Faecalibacterium_prausnitzii	-1.59154759226034	0.0488338468795908	-0.300254248361203	0.882218411491652	1.54517126223072	0.317545073780431	1.64777699804732	2.29238427515208	-0.00130150148262531	0.806126973857837	0.386791301824685	1.15224166004555	-0.0110470555456621	1.02265738984404	-0.116339030322186	2.46866356255487	-0.825762785355827	-0.508587240540822	-0.154247130564597	-0.144862039214266	1.51648890967044	-1.04977912841631	0.994061199150435	-0.615345349768177	1.06616964044016	0.149577994398507	0.301467542104157	0.660980024857313	1.01302936510183	1.78292315870723	-0.00303283266423801	-0.153676670111184	0.688622365705669	0.986772040898878	2.44786163138425	-0.170277148518445	5.28837678368602	0.0378886901162332	0.16789700614962	-0.0484532650027956
Bacteroides_vulgatus	-1.64552543935965	0.446400880647291	0.608750082273868	-4.76307404942678	0.673986674752086	0.78494842604102	1.02220920420119	-3.3313946044904	-1.48516563007226	-0.895420231590314	-2.00100712671078	-0.503484012795525	-0.607038786235665	1.84248953601179	-1.30648011213218	-0.0388570460490882	-1.06362367359855	-1.360564916694	-0.845253744459894	-1.41315235031236	-3.27667737012234	-2.52477807937456	-1.56974020866359	-1.45968188927509	1.89496668281	0.126968045286568	0.747308705500992	-0.492149515526502	0.501874236622825	-1.25413477748433	-0.462259649556862	-3.08369521430827	-1.51117294002324	0.574368069942076	0.514886696806311	-0.0140334070061466	5.28949186738048	0.0975833192787832	0.186900939445228	-0.169019916227886
Bacteroides_uniformis	1.08513899268915	0.122409999204267	1.36550999404946	0.495891085193892	3.45972144743428	0.292369144710912	2.44986692762801	0.131211467935438	0.0870811002553508	-2.58201632715229	-1.58463840379513	1.29511447040932	3.38952858227172	3.18086641570387	-1.00345260148918	4.24152361275628	0.342592590172509	-0.45233526762708	2.73540726739988	3.70537780391585	0.396496266075701	-3.54714221893144	2.65533598991429	0.82810036255978	5.16984578074854	-0.745469670243827	0.997576449565323	-1.93764623113176	4.55186882452108	1.63790332943401	4.00829190083147	-1.05644993118144	0.579532514326274	2.59241728025206	1.74157830046689	0.892679780688403	3.42232272561107	0.292364876004285	-0.483841391627461	0.122236109205655
Bacteroides_plebeius	1.87281037988474	-0.820246637033831	-11.0909422862335	-3.23600018925832	-3.90144455293193	1.00594444826545	-4.98311003350786	-8.08953469161809	-0.833970819204946	1.0208866813087	-2.1849143971423	-2.95262401015862	-1.54879062396607	-3.87005883911791	0.151871380749591	-2.64513362525031	0.609022550900201	1.46962770882861	-1.25803303282633	-3.67610861194719	-4.34488344197598	0.153066027776471	-1.78792324928249	1.63362125470303	-1.99163774548132	-0.0919077205139079	-1.26548000747737	1.62350467733839	-2.71025380655192	-2.08521902888814	-3.65829592875837	-1.29354385665751	-1.72935598064214	-3.90116115373842	1.23300834464109	-4.9720913470124	2.68189880784069	-0.142836664585047	0.556446877892345	0.101257032581738
Eubacterium_rectale	0.801604644678134	1.13679337484895	2.1184679639534	2.66657822422816	1.14115601917729	2.03788800791205	1.02202931738326	2.41313792104899	-0.00228581258644611	-0.884516746470971	-2.01013903512752	-2.57043962390526	0.168681452449943	2.57845013877211	-0.162835898455731	3.12311231018975	-1.1610871025727	-1.94463458594068	1.45805326540098	2.01694868671309	9.58076190943393	-0.931053709371814	2.9660333070377	-0.417051216820255	3.62786718310755	1.68699922089997	-0.384778703995315	1.22892669729689	4.14007606939413	3.53109502464732	1.84155100651385	0.749046999894615	2.76052148174495	1.19411496358641	0.0816761450675715	0.385596960749743	3.76556441720043	0.125005985828466	-0.269530626361042	-0.144006573728153
Roseburia_faecis	0.028745756767291	-0.514710549431454	-0.171381376962277	-0.123953232242327	-0.715579031500965	1.14594336107673	-0.469958343143974	0.833104499532575	-0.664480787306924	0.467073581447559	-1.72669081582821	0.143151772903366	0.696505600985672	2.00036507388411	-2.13630312925255	1.05081676365808	-0.933475113789817	-2.18527391489728	0.996001396962259	1.32211814987074	4.6763091086832	-0.990575622900256	-0.038024830498346	-0.825645050266758	-1.19180850086767	0.0781496358436665	0.126395836971434	-0.0765743464996506	0.328921584645286	-0.997884634433181	-0.570848643106209	-0.377685945547585	-0.802059878595173	-0.719156344358843	-0.00497199130976306	0.952469557490466	3.28019854958568	0.0512862086616224	0.151652892704338	0.00811577481882914
Akkermansia_muciniphila	-0.269587947704297	0.0849981306320322	0.873884595652011	1.83763557935267	1.25760424276814	0.954300719055547	0.0779480705303806	-3.15720169906438	0.11062493494163	0.376391313304859	0.431380225278969	-1.19530271203621	-1.6714641354712	-0.413619940077686	2.5543302869233	-1.28319455264136	-1.70308870760657	-1.12940621312841	-0.132977451495078	-1.595940245515	-2.37579655652371	1.10939090313124	-3.62335577873195	-1.3797784356866	0.908879479784186	-0.719667117543785	-0.814098324127761	-3.60814066834947	0.694530276814476	2.97721293240985	-1.57191115550397	1.10192133852148	-3.5647885100916	0.985386530931074	1.63344307707822	1.07968446609032	1.51552793915783	-0.075316936490708	0.220700465726882	0.391139692493847
Bacteroides_stercoris	0.611307994745273	3.25632297976076	0.665941036959079	-3.89415849156545	3.46392643591389	-6.13722471639215	0.636889732841935	-0.997438601301318	-0.975724224537511	-5.56388590551381	-1.03591124906338	1.26354332058327	-0.124011089626167	2.6223818614131	-7.64019817357933	5.14226471306756	0.754960232098321	-2.13288119372113	-0.371692206076529	5.16168807613264	0.494000911661715	-4.05989236770464	0.294757572136275	0.471287885447964	2.10400473179262	0.200856466345223	-1.92621537620601	-0.0771410078575303	3.73583713010885	-5.77034247249165	4.74384945698382	-4.11646775535441	0.353324840776622	4.13496164518126	-6.24300889206851	0.202563017573474	-2.81372191969837	0.48053033206088	-0.860878797595173	0.0865816537822996
Ruminococcus_bicirculans	0.731363789461154	-1.10043811814726	-0.204517744760129	-1.31073034711049	1.88816702505574	2.97457476213874	2.87387124395796	-1.3973342693311	1.06877383163581	3.01483514093395	2.18007726774418	1.21432263939278	-0.368295838657234	0.544721747840023	-0.0597763085929078	-1.74223817465827	2.27755802186272	3.49422511521594	0.624298010655496	-1.31526042354692	-3.71327805524197	3.31038074554609	-2.84707775978053	3.71848968579434	-3.41326574383337	-0.131326909609405	-1.45557722026881	2.32051376394728	0.658491341629997	-3.73509848445454	-0.207398503345238	0.441875059091087	-2.78851049114019	1.75532499986418	3.137577732077	1.86501464244377	-2.45232894484486	-0.181994830039912	0.370839265759319	0.149256265589169
Alistipes_putredinis	0.0408445161800566	0.0187438128715647	0.93371463539162	0.519848933742781	0.488615782465786	0.83428092554511	1.45681372976729	-2.48121159438909	0.800041760712962	1.6433768489265	1.19905455217564	0.596677494930191	0.624336610016014	1.56231790324507	0.628302333298572	-1.45688320277259	0.487786822636346	0.637630075848262	-0.287577773741629	-0.7674707306682	-4.3304514885458	0.827076006547681	-0.221603973635086	-0.0171538202557713	-1.26970795689184	0.268772233776482	0.565812562159928	1.09167257837752	-1.70100030465983	1.04108667046031	-1.12128406695722	-0.321104329145913	0.28283707331866	0.734351138646681	1.22356851862943	-0.269005835089566	3.18581840928112	-0.0475611619331175	0.280131382520527	-0.0767074163470949
Escherichia_coli	0.243759378142256	-1.15161263959349	-0.606627129296872	3.08861505083873	2.59956252714619	1.68143125132026	1.96612159109541	-0.148612312124377	0.779293622285227	1.44288804315563	1.40176935301029	0.952936840938492	-0.985069444003914	2.58130305548964	0.972879213634379	-1.4979876386933	-1.02570695368507	-0.664049399384697	-1.46726241271868	-0.083820177441729	-2.62562966351834	0.489188264922372	0.474291649780623	-2.04361494467594	-1.67543486652929	-3.0837576198059	-0.106470863767234	-3.02050634332201	-1.56310781999491	2.33061703711948	-0.107515364211784	2.20503612228536	0.550228069536388	1.92486433225401	-1.93066922856295	1.21997782584679	1.50482675965343	-0.0979241475142771	0.201515401832044	-0.0115336711917605
Bacteroides_fragilis	-1.02926503000448	1.08661949617921	-7.24893655655822	0.949576964901228	1.27259361883625	0.380699592384709	-1.20108630561403	-1.43900077705205	0.212381984502177	-0.104347624549908	0.0857835541745382	-0.405951725555497	-0.0236651204260332	1.27421772023497	-1.34755176549827	0.102772091049701	-1.42872089831092	-1.30940088566526	-0.407883401326087	-2.67866660488237	-4.49602746968594	-0.385045062883624	0.301394072494856	-4.10347767756321	-0.380254664998834	-2.54476879114684	0.821326111010941	-6.17487951226732	0.0376519097480923	-2.06376850932637	-2.66085392169355	0.738444287263389	0.145951579324901	1.83238093095549	0.0723405079749812	-0.418222874436261	2.44176647599254	0.0294585109077161	0.159126186396212	0.0589785043682371
Bacteroides_dorei	-1.34717737016867	1.48350083811342	-0.295211933831784	1.27083771519496	-0.0603158161975443	-3.69875935956536	3.19952312803694	0.146519490434522	-0.978154514521261	-1.24621237135891	1.75672454939091	-0.110416876388626	0.899113038953926	3.55569070121107	2.48742323869789	2.09513555886224	-0.657166547457954	-0.113331943118413	-2.21543713968172	1.81750022041212	-3.41639685635892	1.05141936601805	0.890577879867903	-0.755560418823734	2.55360933246058	1.7119138432068	1.13208535736028	1.03305117182234	1.79899588064291	2.28758316904506	1.23428982563616	0.644776005231376	0.961042831651866	3.31683544355162	-3.80453590584719	0.636351913180468	0.325286602335317	0.00878975469095167	0.0376692094162406	0.191287523933819
Bacteroides_thetaiotaomicron	-0.38769076643179	1.77368962748109	4.02876410605469	-1.6888641209142	4.04291474958882	0.755000906738652	2.77060691214034	0.307194539262647	3.00931700637947	0.229062817325549	-0.372999535940055	1.17068131058113	4.74819333332458	3.07261555930433	-1.2986857319442	5.11098371865228	1.18763404401086	0.281694025433223	2.32437673647031	2.95017527210127	0.46976464981708	-2.96294898925615	2.26829227539097	0.217206636210904	3.73797412814539	2.92813016896668	3.6768427235407	0.668221273941786	2.39105883077718	2.36412560612163	3.08929556675555	0.873207587682243	3.55688745807856	2.77494577604063	1.04508693980253	1.93674287196648	2.42352316315685	0.28190658542735	-0.629470857207447	0.120231992432049
Bifidobacterium_adolescentis	2.05895902337839	-0.956229746508013	1.72031206609764	0.168856492565413	-1.59735059598461	-3.38735846921502	-0.557299890156303	1.11652905578792	-1.1629884583651	-1.37270114637379	0.595897866346474	1.43355829803841	2.69147021549621	-1.56596488217058	1.91514342779244	0.945547212380916	0.993420892079095	-0.655948537701209	-1.63453056972399	-0.298709256774081	5.39479207987461	0.7605851179521	2.24423679443394	2.12531951977871	2.84562262000483	1.05101503854218	-0.335024114199249	0.765525379700453	0.0703066422138363	2.63138864606818	1.38624531098009	1.26878022023344	1.55398900341243	-1.59706671995394	-3.49313501549685	2.28391346332085	4.74380359585796	0.0420013994298643	-0.105119886223942	0.052832013794354
Roseburia_inulinivorans	-0.857365830518704	-1.08426523225249	-0.076564096192929	-0.298495897723894	1.11585104605183	-0.915991110053645	-0.929556035037552	-0.161783508108263	-1.27260277101388	-0.564189203748746	-2.93117718591488	-0.0269052854309848	-0.407516350570534	0.0778988852149008	-4.09889978414451	-0.418491195421666	-1.00872836200454	-2.22276821669324	0.464412604161355	-1.72296453846086	3.30294752115879	-3.19301528869463	0.159423765859953	-1.13491047010757	-2.54479030666906	-1.23967252249297	-0.112155984588233	-1.6569833368828	1.05799355939962	-7.04558146327534	-1.26079612902998	-2.03620008758402	-1.22195105720311	-0.316402574007433	1.96949811743772	-2.48690155151832	4.94707462723766	0.09934655878169	0.159552985455126	-0.212116011551448
Parabacteroides_distasonis	-0.955663426496488	0.0103989241844309	2.42787466170349	1.83962839173286	2.56320297857746	1.37574465826453	3.11251107550093	0.133449503137464	-0.369031746476789	2.1142192103767	2.35432095632755	1.12705082981483	-1.56889503223023	1.73294931193647	3.20537811273659	0.0784187656827271	0.666263990719537	1.2321748441817	0.770004902669046	0.735095428103315	-2.10882616048184	2.24198131622481	0.269863811455122	2.75505785061978	1.48464879246395	0.870395679525765	-1.7366413729864	1.00417415194014	-1.41661307378672	3.10710730821094	0.760431409555687	3.21352108188772	2.60583360027522	0.840521852548201	2.57177682684934	1.12472614642632	2.21626970704113	-0.096605849234038	0.21908924600783	-0.00016411500317709
Lactobacillus_ruminis	-0.573917193986875	0.392292082143415	-4.32291784165344	3.22901355318858	-1.01895248750225	-1.72138146802484	2.85391990042159	2.19062060947596	-0.480356682628293	-0.334159501562161	3.66884966001713	1.32705004303352	-0.135103573623512	-0.987566773688221	1.23627853149498	-0.833321582060307	0.857317500431756	1.65434488717334	-1.69703706663027	-1.66219462288011	-3.18637347226468	3.48785166801619	2.41250142189061	1.33816985203885	-0.157742181402032	2.40061499600831	0.173673209301861	3.0462808995674	-0.898441763361916	0.85771393448314	-1.64438193969129	2.97790809341573	-0.36907206941396	-1.01866861147157	-1.82715801430667	2.79684099551689	-4.3147289997765	-0.157774616745883	0.17728362942788	-0.203982317021915
Collinsella_aerofaciens	1.8757074040394	1.4000505207306	1.84891895176926	1.3328718452914	0.209079430904239	1.16239293173255	1.94432345724532	3.28684384460627	0.362859811097483	0.980574033489185	1.13289589987003	-0.302535580707627	-0.931943585697029	0.932744379246807	0.591920254174121	-0.203057784121484	1.46653764756463	1.15677198830859	-0.339050914458182	-0.282936914092196	2.58101034159336	-1.32361466823412	0.784594145737044	-0.211057862499729	2.48465456666392	1.21215416913453	0.844471548251542	0.936057010216505	0.781461684266105	2.42742013603648	0.788790465074791	-0.283082407034401	0.961474130861461	2.65987161832579	1.85056587027585	1.22329434749138	3.73581287797008	0.00863081145507749	-0.128844531600147	-0.155360230377742
Barnesiella_intestinihominis	1.60718633355905	-0.00187844054640407	0.603083707113651	0.215759506748457	1.7302746786736	1.79420490816535	1.66590014791914	-0.934998205946093	-0.305892397254606	0.256849906673389	-0.364659445426826	-0.746509811146097	0.623642126497413	1.49309843322096	-0.982848706301801	0.765324701089412	-1.62559134451606	-0.0547267490266157	-0.249137307814505	0.328295724266874	-2.88501191144314	-0.106889736040362	-0.924166771449693	0.388893643161282	-2.32851938305456	1.10426344399873	0.47021231477681	-1.74499507852098	0.667494742432609	0.37864362865886	0.705160380083336	0.632900614224907	0.941908548586071	1.14727989869841	0.734260161390661	1.82104453441155	1.66066954072033	0.0111974936298793	0.0298965700224341	0.1121944550957
Ruminococcus_torques	0.185070717058677	3.22156465036928	0.279012657423404	0.486342421100874	-1.00293755391613	-0.841513735499965	-0.785665043230568	3.65835172767817	-0.0444257600008443	0.283845923175769	2.43386788473332	-0.196724759651261	-2.57907026034913	1.46918552657423	-4.73266738897239	0.689893533010036	0.262795381863335	-0.0404995971558881	2.27444139558897	0.16223299669634	3.60618376726779	-1.0953559392531	1.39312895866429	-2.53410859988071	0.0540802091543031	0.416262943796547	-0.167006100960342	-0.700011840539186	1.42049911455251	-5.04234659999409	0.530598492103828	-0.252134960211281	1.25931401085109	0.68073804217108	-0.566984700986982	0.195959478583453	3.14464876587902	0.0954395339213079	-0.107221426789433	-0.135177576116153
Bacteroides_caccae	1.91708614053537	1.10299110395967	1.82844725968399	-4.15771783299611	-1.31352531770244	-4.89618734761773	-0.503745072122131	-1.25911610488713	-1.13743588754525	-3.83046601034169	-2.13083748712337	0.746420217441482	0.322367066916611	-1.28213960388842	-5.93692726140892	3.98029934288934	0.8085094025924	-1.1845886402963	-0.674972589424994	4.03760527240645	0.487414479204745	-4.152983378752	-0.328754621424326	-0.486585220554844	-1.19957284031469	0.164831776670846	0.613951299838456	0.0724194734523605	2.77110186056234	-2.32331097453633	2.71090596981646	-3.74270514777995	-0.270187352783978	-1.31324144167177	-5.00196389389956	1.76405271884453	2.83380410607372	0.310016135903425	-0.559746416632801	-0.104029455355236
Ruthenibacterium_lactatiformans	-0.703215523340207	-0.0841132702106344	1.7269285690979	-3.3168155045049	1.82944309851155	1.86157436922492	0.0947993764919894	1.34961142475783	0.271163906365733	1.20581545614238	0.594857169248696	0.373570037769241	-1.23442452174744	1.10842686435041	2.00369792932595	0.46742456080392	0.439275496323327	-0.313867359721501	-0.0261030451573399	0.036505790227758	-1.94859683518735	-0.352441918237933	-1.65594235328639	1.92996577336453	-1.07968358097631	1.94065668111268	-0.200032736607162	1.59423986963728	1.22186639741994	1.88416182667217	0.929667950350059	-1.50930575660563	-1.59737508464605	1.10647026735075	2.19393797682798	1.69794663783562	1.68209764893566	-0.0824680670775706	0.087905553753704	0.0816132490124021
Bacteroides_cellulosilyticus	1.15153296413233	1.20010983927308	2.05106029631653	0.898523381279249	-1.58579420903698	1.51767869547309	1.35305134153792	1.33118719692409	2.84469875267158	3.06787826799388	3.13462872610294	1.30029113380806	-0.90763538104615	-1.55440849522295	-1.72942418104088	-1.09179772017524	-0.732058919350883	-0.57251499530061	2.21626010973081	1.80687903034102	-2.08027982716885	0.26815697909998	0.90500434967076	-2.63973661349155	-1.38566211758215	-2.28030083651122	0.372237388543519	-3.20729943223497	-1.15691790147685	-3.48388254970113	-0.290125667375313	0.771207887612815	0.0660555912181735	-1.5855103330063	2.06848378943479	2.39423641559136	-7.46834209029164	-0.0178739314578706	-0.109322490517765	0.219167894550732
Bacteroides_ovatus	0.49223898472597	0.138374447656263	-0.611688517312619	1.69836789958312	0.355743867810816	0.272014933380498	0.99998644686171	-4.38172715072454	-0.688776810258527	1.69560982965465	1.27884121046269	-0.764563000066119	-0.747258832279061	0.586050029004192	3.03984361642922	-0.808057140093297	1.41413538964532	0.88129374448077	-0.833835500589755	-0.120896531468523	-3.45980358128872	2.74434547485518	0.965097037277571	-0.587366065243259	-0.200538554769342	-1.82909689421233	-0.437701191254226	2.92144612364271	0.74754205183126	1.68360399872264	-1.20678478412031	0.849691230737205	-0.615793426521122	-0.483099480097215	2.77517362402952	0.991560429301379	-2.15619399611439	-0.12785437401908	0.340181139881939	0.237373477646283
Fusicatenibacter_saccharivorans	0.564464346788424	-0.171112597154986	0.487470544596103	0.97718148522212	1.15922784944996	0.761525231155766	2.0678679118199	0.994823821737165	-3.3709563357531	1.04909767889019	0.507489634611245	-0.069441424919205	-0.578270962062691	0.1100333287364	-1.12128752714073	-1.94110990641639	-0.912820048014899	-0.173220991456349	-0.759491595736888	-0.067760480767382	1.20299947256717	1.59668164314436	0.993919578514449	0.188112655421719	-2.84264234600622	1.34340025906983	-0.262717361994354	0.998838940186293	-0.775784523924813	-0.825871590075881	-1.79918581179975	-1.07756833366251	-0.915753711946309	1.38979677396544	-0.467097003960849	1.15667065974724	2.45291969712291	-0.0811771049775416	0.274036785240501	-0.0463675792728152
Roseburia_intestinalis	-1.82071338472555	-0.88780680315436	-0.919430874566647	-5.46284116215871	-0.270377694163471	2.55548472956122	-0.343636803861175	0.354420372201795	-0.118775222986837	1.98519804262157	-0.095666216752891	-0.999817984415131	-2.2296072743567	0.592221255505657	-1.57125419622337	-5.17580522177741	-0.175700641553184	0.610152453816097	-0.0858732120312717	-2.26741577518572	1.11458992952976	-0.449833583219775	-2.67113891509975	0.910791197558865	-3.87769321499426	-0.37883102471408	-1.32713099891719	-0.550078144746034	-5.24094113870524	-5.78493845790425	0.425648511129631	-2.60543755821085	-2.6125716464594	0.311224320034463	0.273354609480261	1.5802334248687	1.56604692872081	-0.125592698124819	0.52515125053677	0.12565202159541
Dorea_longicatena	-1.4666895705242	-1.22960037009657	-0.367097519616696	1.08963536314799	1.517929316964	1.88936372354926	1.65389744139143	2.28944195146739	-0.026706550806661	4.23795535348888	0.919885588743325	0.657629919933242	-0.108797778907631	1.2070632531291	4.31102329248513	-1.07994634984061	-0.0746187040016854	0.819388837254207	-1.48072376411333	-1.88857413662065	-1.20674490933743	1.76352934898543	-0.202773888461836	1.15266040875576	-2.60607389507848	2.05379702573243	0.823711786918076	0.598875680489332	-1.77733430429362	2.14672946602306	-1.29533547095655	0.214741904222007	-1.28131478000432	0.275011244292338	1.91963311003721	1.86533340808403	3.53866336281811	-0.178174738553935	0.447409836228222	-0.134783231786319
Bacteroides_coprocola	1.62809886159708	-0.0781731011146414	-5.07815923569641	-4.31349814839528	-1.34711956838146	1.1823092277378	-4.54906853341631	-3.30138914947331	0.392579342633586	-3.0751335404015	-3.61305766000545	-1.12971048266991	0.874952147182609	-1.31573385456743	-3.45935625081932	0.405134905595332	1.15959470780633	-1.56696012552961	1.08880940515623	-0.396036280518664	0.484147161194414	-4.7051336282332	-0.511703017034181	-1.08558887825347	1.20802187027376	-0.424285511918632	2.00077346389714	-1.51436778016588	0.340014724293724	-2.53872979014912	-0.378223597329842	-3.72138957313395	-0.453135748393834	-1.34683569235079	-0.146671394834162	-4.53804937008369	4.4891850703529	0.314818988772458	-0.464512797419697	-0.202663161924907
Eubacterium_eligens	0.75801189365198	-0.589771520512711	-1.87033572075805	-6.30136216588185	-2.59949719766155	-0.461589237001525	-1.82515092992357	0.721249171449537	-0.703215126484533	-0.514886178741498	-1.19940696849621	-0.325896399332123	-1.43822341186127	-2.56811148384752	-2.69017285352623	1.23985194088891	-1.1989044019387	-0.816651447975476	-0.345397855452445	0.895625518435346	1.97505080694827	-2.22673077522112	-2.49915161994899	-1.08440316305496	-2.41999725399572	-0.8190892147499	-0.360003079720108	-1.30263098187944	1.00156524614431	-5.50122225612202	-0.410035430711495	-3.63477067283488	-2.44058435130864	-2.59921332163088	2.16293736266172	-2.22802320126045	2.61835882599865	0.0154840566538041	0.177079850460619	0.0729767744030271
Eubacterium_sp_CAG_180	0.00406381609250925	-1.18886005895079	1.43253829302349	3.50240503840281	-1.24755668500438	-0.932959121909724	3.15751758909651	-0.00796501998723076	-0.106684450596471	-0.290897407302899	3.94447727308476	-0.877318771792488	-0.973457028690193	-1.21617097119036	1.38167822116936	1.32178377034143	-0.329145363847991	-0.184225439393361	-1.3734402910985	-2.10587145221819	-5.10111665730801	7.16048841537642	-4.43598404792751	-0.441819688538089	-3.48386673031408	0.381417651228341	-1.03198059970912	-0.2136192382147	2.04293957189657	-2.32442534297505	0.342657387930168	3.12923725315237	-4.37741677928716	-1.24727280897371	-1.03873566819155	3.70091804858696	-6.09459235732044	-0.462973315981799	0.601210979397625	0.176172143646649
Eubacterium_hallii	-0.828240616895658	-0.168908715414416	-1.84317984459839	1.17798470549418	1.99179959436879	0.664102750572576	0.422381199364151	0.852926977826948	-1.33253351280083	0.727504751911121	0.0878934989949423	0.210908366130752	-1.28201704246125	-0.576695387160206	-1.03063720708763	-3.09027541754767	-1.18820119587638	-1.63683196839078	1.31449738580808	1.04233221876036	3.00122332567844	-0.531364333017596	-0.611659916915544	-0.816842472413555	-0.0838288456018614	-0.23317855174121	-0.969453896828262	-0.143221458869188	-3.15539559884928	2.39340975552997	-0.970221578401314	-0.170624654806618	1.25555653404444	-0.445326407377641	0.350050349703192	0.758875220980761	2.33364365036998	0.00911807197553571	0.240583909328312	-0.126839661172458
Odoribacter_splanchnicus	-0.368268831350308	0.597077607942213	1.51244827332058	-1.78809345669911	3.30078804632649	0.802329736503972	0.343983806137528	-2.27271836166204	1.43102415969978	-3.068091132412	-1.13426996960438	1.9779999980201	6.85232884663024	0.801773066723919	-1.3379969025222	3.55767547013238	1.55445306809686	-0.25566327508672	1.74204746324644	2.84728358852278	0.490878134914965	-3.20616574226213	2.42236622901951	-0.186361512402073	4.03651686610621	1.14338089948121	3.22525981491032	0.0016247420738052	4.66051092580892	1.1414560046812	5.54815739460589	0.587620217286583	3.5179260475561	4.04449800687559	0.678882797232031	0.656046599116442	-4.45135428969349	0.350896637173719	-0.618609400813252	0.189118689724377
Anaerostipes_hadrus	0.113018506489295	0.0245889423614634	-1.91260447380981	-1.96574438519643	0.610690297093242	1.00871570661963	-0.787858851786171	2.74257392521083	-2.0829571826159	-1.47246865249638	-1.38255946531094	-0.0454587212334445	-0.494032909694527	-0.609370236193562	-3.7885584259597	1.80308436276391	-0.33172217694976	-0.531354694926579	0.236745868512246	1.43444298374067	3.04807901377353	-1.98729677139116	1.54779454799687	-2.80152316973545	-0.76358298359472	-3.23829958910522	-0.677440907307235	-2.14012988515398	2.46121635870077	-4.94524395793477	0.079228491264595	0.038202840768333	-0.174970985390246	1.01606170373686	0.741993506422399	0.533274620738147	3.76759693558727	0.110291148754186	0.0212531216696204	-0.148633756807872
Firmicutes_bacterium_CAG_83	1.07805664958765	-2.08879756944121	1.830060936232	-0.459730038120012	-1.16998696187511	1.31472118452491	1.14806262350508	-0.0815973794919305	-1.28421011993279	1.33688785814281	-0.746606247566108	0.448255015300674	0.319527725156929	-1.13860124806108	0.693103579226382	-1.17260957835242	-0.0143914887116158	0.0563814944388079	-0.576243068388846	-1.85491682422746	-1.21279156213132	0.00662409128355129	0.603941706142775	1.52582625462674	-2.39019993839819	0.303755034260186	-0.186183984823791	0.799965301079542	2.59173813299276	0.450774070324509	2.05105227299334	1.64687854417467	-0.523327042348683	-1.16970308584444	1.65214582251584	1.70049652453911	2.27931282456432	-0.0615195192076499	0.13416341471228	-0.231946640780994
Parabacteroides_merdae	-0.93461905298422	-0.636090986596953	1.35129248043605	0.827698102520247	-1.74003875115886	-2.65755133077203	2.58053199148604	-0.187493852422839	-0.836173181027074	-0.413707294235272	2.91647286520207	1.5868912467231	-1.15221362334809	-1.70865303734484	2.38525217527474	-1.3690449106507	-0.592205814401885	0.762143582737606	-2.18430730264559	-1.48942030799974	-4.54848861699429	2.10757546486067	-1.52525773910488	1.20845345570706	-1.74693540630895	1.66842176442567	-0.178390498705474	2.53155974440077	-1.15530201955698	1.62186455398998	0.202260113994791	2.89390023418569	-0.515445460565388	-1.73975487512819	-2.76332787705386	0.907013028826831	2.67753860886608	-0.159214545754367	0.376335976298183	-0.143669852188655
Veillonella_parvula	0.149334647975463	0.622057437730421	1.93633059384384	0.615907302425642	-0.824075101409107	-1.78723804399072	-1.40389629506639	3.40294260616481	-0.750773702353139	-0.780807357015354	-0.598097244344119	-1.02565868408783	-1.1694345973166	-0.792689387595081	-0.27446431165611	0.926102627534419	0.375055961926202	-0.126223116481144	-1.0455047891654	0.819113956564771	3.88879609102878	0.795444298402539	1.20538755985295	0.662224808475003	1.05690916480463	0.970504064611824	-0.72314557010707	0.00342662028768764	2.1351090951357	2.57536965280971	1.51593488522173	0.74163373180532	-0.0972090745344758	-0.823791225378435	-1.89301459027255	-1.39287713173378	-2.72716262404408	-0.0272297102637822	-0.112794461075932	-0.00780489402157919
Holdemanella_biformis	-1.117140634634	-1.44075638072432	-3.3219884860321	1.19317339949443	-1.54027211526409	-1.84147445603906	-1.55960264110139	2.34331066246211	-0.696598876804014	-0.310008504161877	-0.57554133429325	-1.20195569307907	-1.40858655196748	-1.50888640145006	1.20093315595711	-3.2220767843537	-0.0403984257385933	1.28579554024951	-1.61302879016772	-0.771023703938616	1.40204036230716	4.05803828300642	0.557703045330397	2.38375667645596	-2.25635532436926	1.02303816800538	-1.60567840511378	2.60210994772413	-3.28719768091105	-1.27243054240742	-0.257499545139061	1.20270307727956	0.73045779298991	-1.53998823923342	-1.94725100232089	-1.54858347776878	2.05342075760875	-0.24681164768117	0.525469271118969	-0.204013847879001
Coprococcus_comes	-0.669235749818784	-1.25718951241912	-0.895982407312009	1.39073379926517	-0.333601532969624	1.68754716471137	1.34818378782698	-0.415461233900195	-0.0619245810209706	1.94427945398326	0.5979237090131	0.230460000919265	0.0830369390813368	0.583083148205852	2.12576919550026	0.0652732294984162	0.292999022324303	1.02041921082751	-1.19448217313662	-1.82690955532183	0.442955732294649	1.85117476047682	-0.0325110879322373	0.0606978328432888	-1.12965277729589	-0.851911466069786	-0.192430551596252	2.45354680113295	-0.785114975413308	0.527044173779099	-1.09248059920667	0.714493770085807	-0.823793162591755	1.75315729814299	2.48938771056211	0.447399109568713	1.89451239045177	-0.136940066484385	0.406820652659267	0.034091985651425
Ruminococcus_bromii	-0.774816854574185	-1.18851381556929	-0.546737812738034	1.53389512591197	0.638355494942516	1.30038817480506	-2.98353441857866	-2.76970522765935	0.337143923550944	2.08070542596813	-1.38952832116878	-1.7769045105706	-2.94247858745179	0.151220391595936	-1.06578046327507	-2.59359754202887	-1.05047375647285	-0.593986614906628	1.3889567001544	-1.2352087630092	2.77569913859043	-0.845378231390246	0.0484216037610687	-1.40216489718296	-2.79378418026525	-4.12909434313354	-2.07915851051387	-2.34331520505449	-2.65871772333048	-4.17923701137105	0.429437429386391	-3.72130374244547	0.849775920622051	0.483499209458906	2.56789871024167	-2.97251525524605	-6.75143554274525	-0.116347749499255	0.369834361250728	0.265378421970776
Bifidobacterium_longum	0.730753676317233	-1.3638249041313	-0.288401387910458	0.465677490757246	-0.907966731581837	0.515380697998418	-0.802170269723449	-0.657535246656542	-0.385647599190374	-0.167232789764447	-0.888510184429054	0.516860676692886	0.480356933948185	0.142791966999149	-3.02987736707603	-1.33474911330268	-0.547258128728052	-2.70088711317762	-0.473173137120154	-0.584506584530962	-2.56338357930508	-2.06690282760454	0.420995381794325	-0.229011556366459	-1.15445784626562	-0.0128335910516658	0.182929981998833	-0.515298000054567	-0.44369620247744	1.68085693985423	-0.658737599176155	0.446010906182762	0.987680505029857	-0.921778638784807	0.965092380514502	0.0466053187514522	4.48232266839061	0.0469811812363332	0.0887557395056189	-0.0889954205070223
Flavonifractor_plautii	1.27196838083078	0.487080097032179	2.68461833121338	-0.335088142825823	3.35554826399311	2.07868762567939	0.460845387939896	0.72995901937663	0.90991612842689	0.763107202281909	-3.30604295625484	0.554102970050735	-1.57810347301087	0.709925170147991	1.833433744851	0.182380188722163	0.607174687702874	-3.89597669180616	0.582299147435281	2.17593966590773	0.124432921358675	-1.3854543679793	0.982742634735457	1.80674199177884	2.14724685849589	1.54896296983186	-0.204321171589462	0.631470003647597	1.588407544652	4.38633799225292	1.10194188423754	-2.9264443331132	0.133311162702739	3.08162430959471	0.339195449819921	0.602245777812121	-4.85104587141957	-0.00514286827819888	-0.194947215144306	0.137008971401623
Bifidobacterium_bifidum	-0.89257906255911	-0.738281369375597	-0.697323702554318	1.72362308047845	-0.913540719542652	-1.72689096376001	1.99752370214888	2.96760482425868	-0.44634271094193	-0.317296960125012	2.66864247427189	1.22844023792641	0.733656773742821	-0.882155005728626	0.892338420152165	1.51558743836358	-2.03731495825507	-1.2933088236688	-1.76527246396914	-3.55695296657671	-3.78254342084256	2.83087091507124	1.37442776294743	-1.37000351236202	-1.90532950459081	0.688026864580544	0.0306495805603585	-4.08380933709642	0.749409524956718	-1.24629032939473	-3.53914028338789	1.71422438689375	0.46883303951472	-0.91325684351198	-1.83266751004183	1.33671721812737	4.27862355645214	-0.155701731113368	0.216777803960472	-0.190287106803485
Dialister_succinatiphilus	-0.214682324506742	0.602154254747022	-0.236466549615475	-4.8528639168279	-1.83569085458294	-2.82757334157525	-2.05123551988176	2.55794585581004	-0.783066083282132	-0.446248479852719	-0.571991959653263	-1.69937084825142	-2.08300440532288	-1.80430514076891	3.86855655664528	3.15115772606805	1.62146037133477	2.32233604851977	-2.3843609945096	1.03255145418059	0.0661688222971861	-0.210870634897479	-2.47587791351283	1.12211922719143	0.253116092104132	1.37807764535371	0.252309088162812	1.92060450605849	0.185859082499519	3.94398450523814	-2.0430532091081	-2.21321086219645	-2.41731064487249	-1.83540697855226	-2.93334988785708	-2.04021635654915	3.10847327645336	-0.1393040164985	0.233074096615642	0.0334880117859159
Coprococcus_eutactus	0.208677007168132	1.36809921248018	3.71082053305664	1.21902184777095	-1.6897020325996	-2.63837842389642	-1.70960839891008	1.96609414453685	-0.623592440575261	-0.384154804716153	-0.357906388185386	-1.58513187081917	-0.281306614700173	-1.65831631878557	-0.871503653582684	0.343578566331416	0.955486469586114	2.29088029328601	-2.42482837598696	-6.58085085285295	1.14565932745609	3.43997745575117	-0.274273569562086	0.146999159594998	-3.29792360363561	1.82787622933808	0.628649030379685	3.73139862112501	2.3792623563204	-4.45338309138814	-6.56303816966413	1.27889187999868	1.41099901031703	-1.68941815656893	-2.74415497017825	-1.69858923557747	3.17676875527416	-0.14809957590478	0.149512597943872	0.0368829731430326
Blautia_obeum	-0.209359421112042	0.725542902780165	-1.80562867997131	1.10263454012706	-2.79934632638469	0.282021420750035	0.566583908562149	-3.25725930099309	0.0349941509069011	1.54015733980175	0.770421935178872	-1.14693324477776	-1.46617214900575	-2.76796061257067	0.840396599266179	-1.848675142508	0.611578994114617	1.18732544842974	-0.104194487742331	-1.23535241020311	2.87356352800998	1.76611976684736	1.22845443817174	0.896266737719998	-0.762676516156976	1.132436890654	-0.619518126793472	0.964912930054457	-1.16273030801676	-1.16605937808552	-1.61519116095899	0.694030720674034	0.880506883375347	-2.79906292719118	1.15648206042325	-1.15956875685203	0.0143024676612447	-0.0819929063000018	0.347834868009418	0.00457665962832315
Roseburia_hominis	0.0377677840213957	-0.0973704160922872	0.0321211588577301	0.813647141979475	1.63567388197407	1.17904825762214	1.92216721868941	1.34510225887477	0.614986027985911	1.52805330537792	0.881397319891091	0.530784798549575	1.18550838011184	0.221343915069675	-0.706064524706952	-0.11908759502694	0.185641818363885	0.756877989208858	-0.864256873325628	-1.89481068981279	-4.52150726323453	1.51219444336104	-0.25713060317243	0.392067232867703	-2.80098108349401	1.82237662797395	1.06786737268391	0.957959213776381	2.08367052511312	-3.80439341395894	-1.68301623992323	-0.082777064360146	0.775421510450542	-0.361419160787981	2.15841503905332	0.887703746523974	1.14540026124035	-0.0605446368135745	0.135894542212814	-0.0164669092212404
Alistipes_finegoldii	1.01322026672174	-2.02376723306121	1.27708032699385	-1.4440811962621	3.64120853086933	1.12379904344977	-2.07949122094682	-1.63843315009893	0.0656890528501078	-2.83050511098866	-4.34903364076412	0.951462102817459	2.72149259823241	2.57270520469007	-1.27594608312523	-1.38632739661261	0.769420676548699	-0.495977222287495	1.5451907261096	1.66618441211592	0.440747260996432	-6.06311960159136	-0.942458423652299	0.838125506183133	1.11921142639559	-1.76735554213103	0.776244495562943	-0.356671922357886	-1.45144757791422	-1.47439968913594	1.52547997303606	-0.750958483732705	-1.33730738330632	2.44914416509398	-0.382754142412783	-0.349715560707929	4.32864282067333	0.260205040904111	-0.291958989922672	-0.089493596128055
Streptococcus_salivarius	-0.799279077627164	0.313730239701856	0.84141687275925	2.38927321724727	-1.47188162663952	1.09007235125007	0.080489135746445	1.53089231337487	0.879893268853526	2.21160080217357	1.29215271578037	0.764921618389053	-2.53479044658265	-1.44049591282549	1.11702459806526	1.02003477932885	0.675526433308343	0.562626213467281	1.51100746233091	1.56381963359724	2.42748665804538	1.66077177585768	0.374417928181044	1.99420217587613	0.816577634233649	0.643743116907509	-2.02048417503413	0.60127935699919	-0.467580737313256	4.29652762085399	0.816338003355278	0.610852498494621	2.16814501117915	-1.47159775060884	0.784286578169226	1.6772006451751	-2.40137889449085	-0.0851034938968951	0.174083551044792	-0.0919983919177736
Agathobaculum_butyriciproducens	-1.28243337450216	0.821424841714491	2.59847495677033	0.308796039150496	1.4495025887154	-0.332183723595725	0.375490940575089	1.83800832266986	0.698477472573619	-1.52257637001042	-1.43142716779507	1.03771777241127	1.38646794336715	1.24554442902861	-3.12191814428245	3.75361691834405	1.57890527756951	0.0813969081999468	2.7217625721179	2.56973622905623	0.222549527832598	-3.22027320800615	1.91139849754368	-0.679354315856472	3.83497639598292	-1.01218024963912	0.542276952914628	-0.486484749691694	4.55356016592123	1.51160633236369	1.78363949127795	-1.45889190963602	2.38008029293269	0.43002096849211	1.13391168879545	-0.288508683476331	2.76335403855358	0.233309845658368	-0.330189975325733	-0.15501695232732
Blautia_wexlerae	0.234760838843483	-1.01887068169058	-2.57406415818176	0.0855095296366406	-0.141107736621052	0.653659778389348	-0.746320389743362	-0.180687240408068	0.0544590013326213	0.64312507890697	1.02017672167027	0.27317018597023	-0.0942894123228533	0.169922600591755	2.65609401220406	-0.326949771028012	0.504445367176751	1.19242855969683	-0.0438931242741611	-0.89652813804735	-0.609973728707701	1.41861527027296	-0.0358378615757309	-0.174124142387882	-0.825774708371942	-0.810453634210197	0.0192481470626912	-0.931020578818529	-0.279670702060685	0.436148997845261	-1.13757318190931	-0.0346806459794087	0.0852594478055835	0.294407555430163	-0.272576178440691	1.89547452327263	5.34331533844982	-0.110254433719092	0.383731929238171	-0.314308394810983
Streptococcus_parasanguinis	-1.2717695075054	-0.72069017605723	2.87749896170655	1.44968255452945	-0.425533293280751	3.3771185453266	-1.43983521365694	3.3452707016009	0.523503627091746	0.486077926387744	-0.953861134193305	-0.703542401843151	-0.732375552478645	-0.394147579466725	0.356202003899463	1.2520294082351	-0.225814617554923	-0.563984587156613	1.57682672578916	2.94431422817122	0.058367304452986	-0.394431900366076	1.99979957672154	1.12131933285855	0.985846301931555	-0.0452323737221637	-1.33222040111598	1.98017434172133	3.72057047323324	4.10472011238536	1.74779075451495	0.792340893231865	0.331028233282268	-0.425249417250078	1.55828924941099	-1.42881605032432	-4.14394309584584	0.0136674840323394	-0.0941774271174966	0.00321618361132486
Lachnospira_pectinoschiza	0.0930343803982916	-0.127301216291796	-0.308685563783261	-7.58480943150685	-2.56715333322063	-0.393126355741905	-4.68951519631914	1.61223472180843	-0.428847153276105	-0.702660471866173	-2.7483270634631	-2.08420579345329	-0.791020324054573	-2.53576761940661	-3.84195846563255	2.16495071770623	-1.31426007239082	-1.80103066500409	-0.914693809411671	-5.87341095340837	1.45020949835452	-3.77203245101763	-2.86481896308864	-3.46774097369052	-3.07436899242956	-0.586039702840416	1.48417869632665	-3.11240073152086	-6.38531055301428e-05	-7.34972346156636	-5.85559827021955	-4.53591183952189	-2.80625169444829	-2.56686945718996	-0.585092525014521	-4.67849603298652	2.91397855217968	0.089962984653539	0.0901113130405845	0.0915170971836363
Bacteroides_massiliensis	0.0797066998701277	-0.379174038934122	1.64986506821671	-3.1829534859197	-1.68692850926891	-3.14213613912164	0.976435936455216	-1.45138876800359	-1.26058718988289	-1.25956506348614	0.463051510908242	0.61315972893135	-1.05224006396851	-1.65554279545488	1.12212486321057	-0.419672499876469	-1.5131972500489	1.41405972901599	-1.37892683904543	1.58447753059279	-0.790455699017912	-0.827088546140918	-1.24540189174617	2.72453216626309	-0.114305654149835	0.00240557318154191	-0.930022324867813	-0.849476686196535	-0.261615203460678	0.647453900875657	0.460966349321617	-1.81660298637248	-1.18683462310582	-1.68664463323824	-3.24791268540347	2.45692118999016	1.98214218552623	-0.00830152515845839	0.0956079341724814	-0.0458788807903017
Bacteroides_xylanisolvens	-1.09829138097952	-0.464220807122599	-1.8776799666687	0.993029287384291	0.679977477993816	0.465729611668004	-1.91819449567369	-5.83367913131536	0.844297732621531	1.82762625001903	0.7802066336652	0.302385044979019	-0.352587809387062	0.391917611563778	0.338328061047443	0.0456675481982529	-3.68027073828437	2.69612488213794	0.71316937048063	-1.71677113903154	-1.91397094731656	0.793031174556485	-2.85763970283473	-3.11950107500888	-1.8701141267832	-0.510596613832084	-0.381206329413024	-1.4357063383629	-1.2537281231489	1.42202865749797	-1.1868987672746	1.7188861928215	-2.79907243419439	1.06026176648863	-0.400601374933363	-0.179769545826795	2.31371376450573	-0.0554218224860961	0.355393616135448	0.120818591543606
Oscillibacter_sp_57_20	-0.304906650163632	0.263924896550764	0.641405142565158	-0.800370106174211	0.468915344681591	1.8281158979267	0.713880337242569	-0.251558951185351	-0.206421975582738	-1.39697180009846	-1.2862178553561	-0.505440490556794	0.892571816620018	1.01960801621733	-2.95002240186607	-2.21385801909491	0.433474831898431	0.197526485359828	-0.796682919672873	0.0498311387241951	-2.58240365987149	-1.81225628791643	0.286839005670897	-2.18730135844089	-1.76466278133947	-1.01285962338027	1.16589573448125	-2.24989326901933	-2.27897820039652	-2.7565251621584	-0.45077490739225	0.388415891610618	0.0710708750411868	-0.279037971918504	0.0663221077827205	0.262963980403064	3.08993289406811	0.0785458043537801	-0.00448601168838131	-0.0705535347972597
Clostridium_sp_CAG_167	1.3138508957844	-0.659277551042448	-0.90232434151611	-2.80482543416188	-2.03966629365459	-1.14457015439569	-4.22908719682268	-6.34140627746404	1.51778539589057	-0.289218404064221	-2.80123548402584	-1.58507459075554	0.51023663806596	-2.00828057984056	-3.24516862874901	-1.1633472549729	-0.759197092931052	-0.905917196833928	1.76114669878111	1.14906405078779	0.43560218805942	-2.50490851341082	-0.780295821704515	-1.81856717751361	-1.61245349941808	-2.72173569674071	0.931700442485245	-2.77476950593492	-1.22846743627451	-5.26308787196675	-0.0109989636361466	-1.90991548827982	-0.721728553064167	-2.03938241762392	1.10420831011808	-4.21806803349006	-6.62672736708607	0.132073085042066	-0.12423908931461	0.234261697956494
Dorea_formicigenerans	-0.412849410154325	2.43111050112306	3.54844436766663	2.07812989346816	2.35404431959614	-0.354604644027339	0.131621874336685	2.93917460079371	-0.575221604272623	0.207988403072315	1.35324068174564	0.288765026019973	-0.671496560397957	0.314868334772265	-1.29833716398155	2.44106017472222	1.83330576928399	1.1939793533446	0.473876033612344	-0.642830087071551	4.50333118433628	-0.801186274870166	0.725453046284071	0.0434635074343532	2.59536679686945	1.854161043219	0.764841769389542	0.191730120701582	1.53114035562612	1.62713348537883	1.20940733023287	-0.909374993361	2.07604772876948	2.54368881421812	1.57264705466306	1.87239465114128	1.69587013657604	0.0907095626316732	-0.237483980481297	-0.168085136583873
Coprococcus_catus	2.53283824147989	2.37950670702516	0.523663319368747	-0.831199535800676	-0.569599269423634	2.06316896036567	1.29840687609145	2.74272949333369	-0.699824724882741	-0.44342465020184	1.95292325124943	-0.19552539498909	-1.23658507091126	1.09279936095533	-2.75633305555259	2.12372790696099	0.328188472111443	0.268325001633327	-0.961913886777308	-0.903407706147326	-4.36910581593838	0.377066489176026	0.639273968658797	-1.7548061220441	-0.810331621747796	1.31376304154816	0.445592109612854	0.979176917595656	1.15429630712606	-3.97100937694112	0.825960696417107	-0.851971667326455	0.949251840822399	-0.254003365461748	-0.604395213553549	-0.148634672198178	-0.928460384053843	0.0202226221881574	-0.139092626397282	-0.0470130379710879
Paraprevotella_xylaniphila	-0.808574064352017	1.70929038507997	1.69300997974434	-4.03315747685597	-1.13506448129192	-0.277500321415053	-4.29771646165422	-3.62912886504949	0.749354328423838	-2.62308583475117	-3.08932738199032	-1.38078765781029	0.952488879140999	-1.10367876747789	-4.79272169118797	2.68570457817987	0.399852388222436	-1.33894100722059	2.54097381670103	2.89328049289595	0.490722030350298	-4.90976877151323	-0.119234527327665	-1.36104490444995	3.7202567666952	0.756919760755928	3.15009478156987	-1.5722779840996	2.22475972608663	0.440255281033127	2.35148519344927	-3.83434085182047	-0.0606672586873174	-1.13478060526125	-1.51394871903384	-4.28669729832161	2.49793550904308	0.382736395331449	-0.595703633849293	0.0759912793125425
Firmicutes_bacterium_CAG_110	1.4734720152836	3.42710506899415	0.787146962900546	-2.43630135960744	-2.12917721131817	-0.46144451692401	-0.938630961413894	2.82212121124446	1.25663956573616	-0.241893090972943	1.84965748892033	-1.08610601933105	-2.41411416751466	-2.09779149750414	-4.22174352651512	-1.20848585246131	1.84210007699273	1.23712322179095	2.21146360475645	0.677875743979322	3.55555963511142	-1.15940661369158	0.127490666828505	-1.08783172653057	0.536605557817633	0.888841767362984	0.212427903465661	-0.106656989531725	-1.27360603376292	-4.01018393367329	-0.0925318890035019	-2.38882545760966	0.876727412454784	-2.12889333528749	-0.0856380863281499	-0.43005007508743	-5.67724063460316	0.10773621055705	-0.295264276091725	0.148493236729077
Oscillibacter_sp_CAG_241	0.890068308733005	1.08341586573182	-5.88287153122863	-0.105123528911333	-0.748357652220875	-0.479735297408687	-1.28432991408876	-1.90553157691777	-0.532763654902478	-1.54712656951909	-1.10271866812504	-1.15333976061447	1.23736209648528	1.02392434617338	-1.85583538061058	0.112613324541599	1.04025059254907	0.422274321949642	-0.176206733397391	-1.647538317567	-1.12593686585751	-1.88652033744646	-0.232400185294994	-1.60820229933597	0.443729719537909	-0.357199798770515	1.03197160785619	0.639057198090346	0.0474931432399899	-1.74416220515767	-1.62972563437818	-0.234564345396523	1.27730209659785	0.401039320106585	0.908009250631689	-0.446804791722181	2.33886978562389	0.106097112628049	-0.130251827065617	0.0695438746895109
Bifidobacterium_dentium	-0.183009369947415	1.10585355742036	2.58928296687165	0.81869589381053	0.0958871110342443	-2.91196970387994	-2.27421041631273	0.285354205324049	-0.597648010194202	-2.70384190298085	-1.89682834043301	-0.599395709348755	4.90048701542297	0.12727282484827	-4.20972103124534	0.393698323983699	1.91613595994256	-2.0469030433534	-0.39267682593241	4.70796083080183	0.493990540453524	0.0130075699250613	4.81781014534032	2.25797299458645	2.01692163052004	0.769823987535866	-0.774545516319839	1.48729888491133	0.32857814268209	-2.41530907481709	4.97151488133074	1.89762021967077	4.24542553257197	0.0961709870649169	-3.01774625016177	-2.26319125298012	3.78049561913524	0.319533120127744	-0.699362429206043	-0.410727241209575
Eubacterium_ramulus	-0.687020702936154	0.439679026437391	2.78718183161774	1.27209656529262	1.18799275299534	1.39645882204474	0.742363489632096	2.02989084358394	2.14666923454414	0.928932926883655	-0.403410272739295	0.9778687485923	1.14902872818389	1.21817552586851	-1.09366148954307	-1.61896861670539	0.731123857815484	-0.105989664161046	2.91600361902342	-0.272988004809512	7.07991027826938	-1.8177885526259	2.59412488075291	0.93915275647305	2.68746694030207	1.27411987309876	0.434536222867402	-0.023409298138826	-1.684088798007	2.41244455844363	3.24588483639361	-0.804654162443642	-0.356056516058743	1.39528409677275	0.209287364950537	1.11452302333367	2.47503206666027	0.143681030007428	-0.274246456448704	-0.0574089820895876
Slackia_isoflavoniconvertens	-0.569751008131009	-3.26738131062926	-0.310471318940732	2.86213587813212	-0.971217869315296	-1.34685246392785	-1.19659539365343	0.27668685550868	-0.37904227206101	-0.295879819164319	-0.749070229075317	-0.668463183803397	0.701592067655708	-0.93983215550127	6.28433948511208	-3.66888059256598	0.302485041935662	1.69140729371325	-1.47755035322085	-1.60902024639238	-3.0331361294302	2.96628313125776	-0.868958446063646	2.66333703114651	-2.58794549999792	-0.296559970326988	-0.818766977139083	3.62391881041029	-3.73400077386759	3.3980985251089	-2.28135186366438	1.26833428808355	1.31522459816188	-0.970933993284624	-1.45262901020968	-1.18557623032081	2.55918762620006	-0.240627934006625	0.460142759259075	-0.126443618110248
Eggerthella_lenta	-0.178410871602994	-0.675409853624712	1.47046381952324	-1.49882305569814	-1.25284004071727	1.48702712610663	-2.18424435758165	-3.23491518859685	0.632327284127574	0.294758579959827	-1.20379649295605	-1.17774965078934	-0.402019610229347	-1.22145432690325	0.948622198197492	-1.50994790671393	-0.51050070797958	-0.433399512731869	0.678523455449197	-3.21018220317949	0.420186221548647	-0.346073221548327	-0.723731252231248	-0.745633324841037	0.637241145986731	-2.30719564432677	-0.929037298508255	-0.958253225760668	-1.57506808801554	2.63697471887073	-3.19236951999067	-0.666078131712441	-0.665163983590901	-1.2525561646866	1.77561517523801	-2.17322519424904	-3.68696525160755	-0.0211227983381832	0.007315782482952	0.205281204410962
Gemmiger_formicilis	0.297828697882194	1.1179187296158	2.13262806059876	0.888378551529188	1.17451369902119	0.579829054626836	2.40106836653182	3.84536058540523	1.7593987839521	0.027511320342975	0.258066249944802	0.674783302234573	1.01257331150451	2.54025142928419	-2.21305674558555	3.04411207558587	1.21233897717736	0.682110161221187	0.798279558011148	2.40740274059187	5.13958024973545	-2.23035688339067	0.521544781647078	-1.49405612633564	-0.599727192502801	0.759389479212197	2.20223740165654	0.610701718849928	2.39973893598653	-3.18032610744038	2.42533606358172	-1.84737161926127	1.65711374115199	2.1653339071823	1.08681352900541	0.49457749721062	1.41240475113903	0.116120080681867	-0.335465820853382	-0.0716642971549715
Alistipes_shahii	0.936689094923038	-2.1411042215103	-1.32070364830932	0.600657454059858	0.146111802663654	0.694901185783757	2.37784854269453	-4.19040053252996	-0.813349281042714	2.84299280427928	1.44133563146793	0.327097011493606	-1.09037285071931	-0.431669657027149	4.30841666215981	-4.31675447104499	0.604509406407098	2.70182141724841	-1.05250213604346	-0.518674923306597	-2.89416384702054	4.18907742561506	-1.19591108230556	2.39106158330105	-2.85267070828039	-1.79623935694274	-2.03211900169429	3.13912228636244	-4.38187417550944	0.533506509365647	-0.79836624793409	3.15636690326833	-0.497355152852833	1.53689459996947	3.35696574019468	1.80817899104607	1.62440082963024	-0.256067861584597	0.516590295012325	0.308856910892895
Eubacterium_ventriosum	-0.403311832525235	-0.111386537718188	0.359445906896976	-2.87332881398366	0.444426835980266	1.87092943743171	-0.811572589512382	-3.5232595718366	-1.26263872215142	-0.709428050289197	0.0420031677266317	-0.64895494864686	-1.00766604167542	0.603993053639507	-2.0136994743911	1.49807213665918	0.115835779030541	0.586960644161861	-1.70063420694247	-0.0130437595902809	2.50796627993259	-0.495006989820727	-1.31272414592708	1.04411057545803	-2.66560796795446	0.80938317304078	-0.461480464287368	0.504392245335371	0.0977052731905133	-5.05044520228902	-0.833789765161263	-1.42470006278849	-1.25415687728673	-1.25734051031343	1.79642005728757	-0.731496758792283	-5.84325721327748	-0.046520399642759	0.211986887852878	0.111288017460278
Ruminococcus_lactaris	0.624223337791461	0.521841406655897	-0.796107434014889	-2.75345862813161	-1.71978437760845	0.188695209774388	1.58299938536116	1.68993785317122	-0.257810775726934	-0.492468365201993	1.50284190283024	1.38214929191963	0.403235072669174	1.88321834346113	1.2027246629628	-1.55712212203071	1.18279665025018	0.989143103993099	0.532315169163797	1.58310865032087	2.83259797091159	0.453017834440938	-0.7220735874554	-0.162201246479526	1.93377467097681	-0.527704398580162	-0.190187509604064	-2.02426024384996	-1.62224230333231	2.04162507921657	0.0455286062538757	0.596173424207206	-0.392644752748311	3.31960300641783	0.960001786222815	-0.70414972308624	2.71251485283886	0.0411266565643018	-0.0197072945281564	-0.0905549760375704
Phascolarctobacterium_faecium	0.7446637910824	2.21789157373964	-5.19986858246765	1.56769596628978	0.939779521431774	1.16934533670844	-3.05271991395525	-0.424147061155444	-0.930602316349645	-0.845944747993989	-1.05524729385174	-2.19457142264946	-1.20734172088227	1.16317629357634	-1.32645792013084	0.291893590707332	-0.988150454442283	-0.941756665074666	-1.23908432882204	-1.96913124454607	-1.99044287209836	0.523961979762784	2.88485821815526	-3.19482155726291	0.706734380144293	-1.53367350573119	0.0766740148288331	-4.40566249795458	0.226773409405723	-0.929273966250808	-1.95131856135725	1.08463658758306	0.0530574126169086	-0.368816991274278	1.47488077448881	-3.04170075062263	2.98857018883739	0.0226037457905477	-0.0358681998893319	-0.187327229550907
Catenibacterium_mitsuokai	-0.96730731306265	-4.46940934674681	-5.85804738877258	4.86724888377025	-0.180097429547459	-0.338748299774514	-0.165792368884597	1.39641337926566	-0.0585134966074422	-0.290804900894208	-0.183565156600837	-0.220043884826737	-0.182266046825264	-0.148711715733433	1.3863683318528	-1.01341659901664	-0.220581627766868	-0.177225499713261	-0.821565429977324	-2.15312458408464	-5.16935110097256	5.97505312027144	-2.48444333938564	-0.4332466928754	-1.12494615612585	-1.26635287279662	0.259774256996544	-0.0885180444290329	-1.07853678031825	0.0367411342283179	-2.13531190089582	5.06294770904684	0.775302479974926	-0.179813553516786	-0.444524846056343	-0.154773205551984	-0.483941341085093	-0.513314862517291	0.75857677834782	-0.26432605939252
Dialister_invisus	0.527807162426013	2.62427818758546	-1.23657288430175	3.37385367445781	0.554723204579204	-1.4105166618496	-1.68938573503069	1.24560127492129	3.06037744453559	-2.39800057626729	-1.4486392606715	-0.475965800000267	4.78625352161803	0.58610891839323	-1.69848722463524	0.419066358823329	-0.196651167552253	-0.883452221119244	6.2647837742053	0.693324910277235	0.49394518131885	-2.55625457702471	5.44566592308079	-1.20956509397365	2.10882647933405	-0.513660948224632	1.32978383129063	-1.57248266644975	0.353946177521721	0.185765620770066	0.711137593466057	-0.285763185537819	6.27618486713618	0.555007080609877	-0.030513892898203	-1.67836657169807	-0.429322028798716	0.439744125338621	-1.14527854544368	-0.170457148126193
Paraprevotella_clara	0.230691420197088	-0.847097248005282	-0.323548458795163	-2.80335200734303	-1.88968789437786	0.980041580948247	-3.33047755860857	-3.47503989105046	0.1974475043119	0.636570952167468	-1.95962636365688	-1.54512046487434	-0.597214271846626	-1.85830218056383	-0.45474094396507	-0.194783973973244	-1.20207280604102	-1.32690593537076	1.2917088611804	0.833455668562757	-0.161356389573484	-1.02845508991075	-1.1113290515324	1.21729759289883	-0.52884987888891	-0.189462862409917	-0.867598141975967	0.485422888321669	0.597502319375053	2.83588234007558	0.754618049341453	-1.56657270721293	-1.05276178289205	-1.88940401834718	0.991632063856482	-3.31945839527595	2.52803060944591	0.0114927731774515	0.0963324062779845	0.118847376533917
Intestinibacter_bartlettii	0.284044483027953	1.06152296049653	0.0153472197250397	1.03639822296931	-1.98911464074627	3.01839371279181	-0.609474693025861	3.27215606804072	-1.34863588640084	0.541429183711963	2.7967876921674	0.117929769443435	-2.99932520610413	-1.95772892693224	-0.224341931399457	-2.7814623224549	0.392317467053155	0.96661815110461	-0.0266459242619541	1.28654848205458	1.76483643049869	3.06786732734846	-0.309300753154405	0.906335154315457	0.421438178438361	0.130499352268609	-2.47694608146724	1.20695463709334	-2.84658250375651	2.51129516631564	-1.33048981360792	-1.64608244232035	-0.194705014117062	-1.98883076471559	-0.712134922871233	1.10496839877617	-3.73339488570179	-0.117261227933341	0.18779477442357	0.0175741080726896
Streptococcus_thermophilus	-0.516558034994107	-2.1662632228607	0.546085394640353	-3.78656066365407	-0.699425517115742	-1.79223553582727	1.9109276900334	1.52705667997777	-0.550102978549798	-0.537885495195431	0.770871950246926	2.65738494484322	-0.208537866893624	-0.668039803301716	0.251099703255542	-2.09892834303901	1.42882066281579	-0.585512622558911	-1.49508955638781	1.35028420555006	-1.32440114026394	-1.47288734851671	-2.01891175178493	2.2176504523959	-2.47612766323644	-0.0365904080348887	0.441325936965378	1.67703823141554	-2.16404852434061	-2.51396382182637	1.62580567665697	-1.62075356773234	-1.96034448314458	-0.699141641085069	-1.89801208210909	0.116794675555346	2.10526583130871	-0.052750666407519	0.0834917329505385	-0.00363623457295553
Butyricimonas_synergistica	0.660451279304523	1.15391600115358	1.05889961840668	-1.50344241566823	2.56693351408467	0.0566332216590776	0.496347225670304	-1.19653909568608	0.677439297944407	-1.07808057285313	0.685396505453225	0.712258292125625	1.63513679283538	1.00579350730238	-0.788178744372479	-0.470838885288686	-0.723693273346206	-0.885505660736401	-0.082985903433707	0.647129611843931	-0.277581661990553	-2.10479683814836	-2.24967685607875	-3.18579455302097	1.63132813611966	-1.97854910368499	1.99746576373998	-4.08295293756029	-0.535959066590294	-0.976739767489822	0.511521608310951	-0.44840053848124	-2.1911095874384	1.1326030893875	1.12991710471189	-0.771474882993581	-5.5022700077721	0.134301792117185	-0.283671738927036	0.227118319698742
Bacteroides_clarus	0.363546551487941	-1.00987198965491	0.0827770006851227	-1.28866613812612	-2.09703004220501	-3.24547509595452	0.756403721336808	-6.13725703124822	-1.52717671224465	-1.1412981829739	1.72762746916019	1.76783568947212	-0.847639729801033	-2.06564432839098	0.216294226590045	-2.64261544821784	-0.549770684297463	-0.419528543317158	-1.33978518407717	-0.842091454392565	0.253372222134203	0.21279196800398	-0.664437594689973	-0.835168479243293	-0.685072937589471	-3.4706132220703	-1.97820302421626	-1.07519187636873	-2.70773562951945	1.26087557941875	0.0939029387414589	-0.528324168241982	-0.605870326049626	-2.09674616617433	-3.35125164223635	-0.220474004778745	-4.15409781996693	-0.0668151683785254	0.273417113001675	-0.0535427864108767
Alistipes_inops	-0.156115962841016	-1.04003101603926	2.4829579365448	-1.44203556485341	-1.07650852063671	-1.19547568008004	-0.804873712893043	-1.30355565910161	-0.297962550610204	-0.296501823434872	-0.276843832872276	-0.769742215288716	-0.759921958270882	-1.04512280682268	6.1907387351426	-0.533629726152867	-2.69585282294013	1.41085586015002	-1.41941698949709	0.699621068114149	-1.02528214459744	0.790910888330213	-1.43798759845699	3.68267587735318	-1.68173293171484	0.496023554853829	-0.8227842705923	2.99742869429091	-0.377851085504517	2.75571497760913	-0.29368913106321	0.160792071305748	-1.37942032981664	-1.07622464460604	-1.30125222636187	-0.79385454956043	-5.48178794447865	-0.243662302164012	0.258883090342611	0.334086126514844
Bacteroides_salyersiae	0.477054165027637	-0.68220956640185	3.35841593863526	0.696643939541121	-1.21374332765117	-1.94834308072625	-1.76459022664598	-1.34912555579961	-0.802050430863996	-0.802610030131681	-0.858500631592636	-1.11175550730331	0.0235459901658552	-1.18235761383715	2.88690024370278	-1.9238522159867	-0.488376676420947	-0.367498486602147	-1.12928318541422	1.54765080081831	0.265090078064532	1.78136568130659	-2.03161111740077	-0.692739820340648	1.60016941038858	-2.64111826891479	-1.32884415561732	-0.820128133969515	-1.98897239728831	3.27432918220958	0.798576772886528	0.614865917645927	-1.97304384876043	-1.2134594516205	-2.05411962700808	-1.75357106331337	0.1616532557777	-0.0606819025852019	-0.0255761913701593	0.394155866333417
Eubacterium_sp_CAG_38	0.307041877232093	1.46201527102052	1.94469282748261	0.8219944148524	-0.864614127669483	-0.696393233981715	1.69760648107954	-0.348872832105761	0.761643018037181	-1.33581063962941	0.663035703756447	1.48647697060005	1.85054511803069	-0.833228413855457	-3.83825773244774	-0.474370639305562	1.01087468179009	-0.372620254123051	2.04331556398496	3.22719095813643	0.476034074970812	-1.96285862861467	3.36565550895726	0.019825437804684	0.651371678728278	1.09271361356202	1.04893604343358	0.448189774079115	-0.53949082060717	-3.54942763179341	1.78800422020556	0.785072345220085	1.03329546283931	-0.864330251638811	0.371858497133612	0.189313441481707	-4.14378573958363	0.205626125665731	-0.450825902049214	-0.0182116265807833
Clostridium_sp_CAG_58	0.725869373701114	1.3871020076996	1.96943239094773	0.817112198398848	2.44004905363545	3.19020934656562	1.37199941969344	-1.25316398505986	0.633277262956004	3.52587630533214	4.56698579893314	-0.104148673130112	-2.78093450290284	0.150246481502628	4.65956097597206	-0.209868426900357	1.60269444497369	2.90110787812487	-0.0821936384953526	-0.446481717949999	-1.91043174271908	5.36363391937422	-1.96744433311427	2.70416502072476	1.0619395584051	1.78757705216828	-1.64587518150386	5.00865749411085	-0.862251134356484	3.48663258224925	-0.991426526826607	2.7924756593337	-1.90887706447393	1.07268104987868	1.1512792901901	2.36677822467339	-4.88578059737171	-0.24646591093915	0.235107868562669	0.187031156250409
Alistipes_indistinctus	-2.79956184206198	-0.184135645794283	1.13585839392701	0.308692565487166	2.72135603567585	1.9966687734455	-1.63925596379808	1.16150481338679	1.119765128404	2.48816015504833	-0.657853277466659	-1.19830270321472	-0.531453659358833	0.99403082867918	3.71885972971047	2.15935670258477	-1.78867620913245	-1.18803170260175	0.692907605954263	1.53248475658308	-2.50207066541043	1.70345680774855	1.13262471290623	-1.35743196890689	1.15413116516512	-0.0835241558628955	-0.43843128854808	-3.70755477853319	-0.276388706406578	2.10686152845821	0.498985142189278	2.66783352562093	0.302083979360759	1.86872486310728	1.59153958128965	-1.62823680046547	-5.6856482273766	-0.0973181992449099	0.212994237083227	0.177477723785809
Eubacterium_siraeum	1.84628762426187	1.0325596330887	-1.22820701477966	-2.57183946080373	0.00714436313137412	-2.67632822438775	1.52087751722762	1.74481376345336	-0.487167660683294	-2.58000192857747	-0.322708325527076	1.91926152794258	0.297609547552254	0.0385300769454001	-1.66923040395652	0.417457122821361	0.896765523274163	-0.620642579459984	-0.400655444077399	0.687656210535871	0.493779659220309	-2.97502918182207	0.0919488939860977	2.35850862576626	2.09543263019961	1.56949259763184	-0.508000995464889	2.61463097624281	0.352336941519752	0.200991269650071	0.705468893724693	-2.59390954307414	0.150516162626445	0.00742823916204671	-2.78210477066958	1.35160800811302	-0.570394778890269	0.288431207867688	-0.812094899241596	-0.00218366937977926
Lawsonibacter_asaccharolyticus	-1.23754094419668	-0.583348285573136	1.11758064450779	-1.42100871510671	1.75794947287068	2.46175976351203	-0.75727935933641	-3.54565613632024	-0.814845536440511	1.61028315805431	-1.21469806327618	0.258842421459121	0.193295399126198	2.0682989909297	2.27387302869881	1.33513771416619	-0.784761733691474	-0.687846626454432	0.72745958406553	1.69872807132612	0.438557267138094	-0.880929779394397	-0.718655857123979	-0.798577724257484	0.927148184198554	0.0500607234758458	0.71870628421727	-1.57176097341081	1.52153375581838	3.47894799381694	1.67106777496935	-0.605786603010659	-0.660088588483632	2.07454005914458	0.625730236044287	2.00628480311882	-5.28933742110218	0.00211632180435117	-0.0107675067826806	0.0492177073444639
Bilophila_wadsworthia	0.0950847950797262	-0.684856563972841	0.344115473051456	1.58579730086162	0.869265080895275	3.06152339533271	1.49288097715804	-0.737977675245409	-0.509961240529914	1.98137953065868	2.1245681773206	1.06020958511726	-2.04729740840516	2.01638465663252	3.93328958505715	-1.9173505413346	-0.790632463376304	-0.45705670055135	-0.217326130083945	-2.00695110691179	-2.28828048711148	0.689537722484342	-1.33452967075313	-1.55608220980503	0.250609955209906	-3.03484199518737	-0.766060735531417	-2.07059653707048	-1.98247072263621	0.916268822254746	0.427376434880508	3.28172381588125	-1.45826928783208	1.53645137983092	0.195389588346838	0.437252372470019	-4.2153752094933	-0.128669594196253	0.219078228461772	0.167011982628277
Methanobrevibacter_smithii	0.770896629713077	3.08423769457399	-0.640042208413693	0.990978112743635	0.351138142403215	1.7323123987049	2.38270369863936	1.21845264072597	3.40051039627204	-1.08046076513295	0.619789553739663	1.04439051239387	4.86274535435119	0.382523856217241	-1.08136135583793	0.419062722939998	-0.112121171633979	-0.393343269193013	3.67530003625974	0.682276146286832	0.4939862489191	-1.85461039481951	3.65400990577733	-1.57536317990161	2.09961267413538	0.0594479781908116	2.98209050720158	-1.32706983991167	0.353942541638389	0.793319341244309	0.700088829475655	-0.305524867094521	3.75378115009516	0.351422018433888	0.409709473123907	2.85268625613701	-3.72317435805287	0.327685128184385	-1.01872822863308	0.0763433341469084
Clostridium_leptum	-0.283581359960538	-2.64180958287657	-0.459271334390256	3.31350385241343	-0.121030418667942	2.08367200449408	-0.239699058766876	2.17052472467601	1.87888511589179	6.01933219217296	-0.206878291509513	-0.270191597057419	1.2344088651506	-0.0896447048539163	1.38432004803742	1.51707290532067	1.51449125321648	2.29517898026721	-1.49889477651491	-2.71837116611589	-2.267930984548	3.76292972625898	-4.82528820899928	3.12068800046109	-1.95650772152502	1.47026957993928	0.88942310636464	3.56475929312208	-0.132056614151224	-0.796112183032424	-2.70055848292707	2.83394487568044	-4.7667247550562	-0.12074654263727	4.74033852385557	-0.228679895434262	-1.27688815657582	-0.28555711057561	0.291177501554817	-0.112510928085872
Intestinimonas_butyriciproducens	-1.84683643160055	-1.21692997233809	1.36231175502845	2.3654040604098	1.14342206856236	-1.21107606336175	3.04243842459151	-0.033422998235827	-0.658300947934289	-0.46045071698193	1.63745374784672	1.39100177376167	-0.837691595378731	1.87868910571394	4.19240122789467	-1.52734197257087	-0.699829421322128	-0.410203992688496	-0.898379753641036	0.884668635004865	-0.13995559518662	2.62157707275557	-2.78963604835475	-0.614151796558872	1.48254253568094	-2.50990460390624	-2.04367491180476	-1.00459208198091	-1.59246215387248	1.8781468835493	1.87011176415087	1.44990381964349	-2.73106877971441	0.861967484529097	-1.31685260964358	-0.0363544524048588	-3.94538905684437	-0.128723402289324	0.194793859149546	0.204383677669934
Butyricimonas_virosa	-0.678344591238004	-1.41782611625136	-0.981278322915646	-1.71786058850453	0.864130021538585	0.395481246265782	0.695302523140396	-5.25310414199651	-0.169266734808584	0.541048071613269	0.494608236410256	1.19149024574654	-0.278555025878761	-0.0345663473958017	1.9911445950898	-1.84442962286994	-0.717504493276855	-0.551197833680947	0.469688449689004	-0.0655718578158745	0.216720312782854	-0.488715361936816	-0.915676566638597	-0.965991566190496	-0.128169217687433	-2.98947284693298	-0.862036909409133	-1.52243538804552	-1.90954980417155	-1.14414656489888	0.84395200081469	-0.688245099104409	-0.85710929799825	0.905454556520064	0.994832475653051	0.764674514498828	-4.32494380537953	-0.033301320640021	0.208004370683089	0.115306979843548
Holdemania_filiformis	-1.13019572076986	-0.632664486932169	0.0785043013290436	1.34598668508365	-1.21192121366039	-1.36866573735772	-1.33147033357194	-2.53890269164861	-0.821768943756719	-0.439219512710614	-0.478489073059921	-1.08206437738045	-1.53237455112061	-1.18053549984636	2.84168439859474	2.40914856316522	-1.16886920420386	-0.599867566788037	-0.917579251638797	2.56415413486372	0.243979483791918	3.78801422180342	-1.33015516666377	-0.427448442438617	0.536424002069647	1.43757035260621	-2.78623744422969	-1.46229215569994	-0.306953789433464	4.80853998333415	-0.195002942603813	2.34194989868307	-1.27158789802343	-1.21163733762972	-1.47444228363955	-1.32045117023933	-3.50429942671742	-0.171420697835856	0.254883078511089	0.157696581312588
Turicibacter_sanguinis	0.457732827685374	-0.542501621114622	-0.886925839166257	1.23241799168422	-1.40103912213817	-1.83952121182977	-1.04221539997629	2.42112953300654	-0.294868980139394	-0.291259326705975	-0.275357859275703	-1.00465138466461	-1.38934915286622	-1.36965340832415	1.31262030953491	-0.298969473224133	0.358504705746392	1.45850309792773	-2.06563838880434	-4.77906490696062	-1.71555686002102	3.90757517875837	-0.0713217732092224	0.364455619594082	-3.06680110989172	1.45760931497041	0.273234297089013	0.841495791001112	0.996892957249656	-1.97602093547383	-4.76123601130842	1.82489766546392	-1.19029407668859	-1.4007552461075	-1.9452977581116	-1.03119623664367	-2.0093844181725	-0.287131597069674	0.409512770946354	-0.188098856381008
Haemophilus_parainfluenzae	-0.82433889684866	-0.996770173477541	1.34093596711838	2.41604386858775	-0.625753699336201	1.45597107962073	1.51800743437239	1.9886131965655	0.73645433357368	1.29501869462963	1.2332871686002	1.76645596115486	0.161380598720695	-0.594367985522175	-0.602494421061627	-1.73276234744117	0.104679220040063	0.172000379002254	0.979933892079446	0.509654061669218	-0.174799978783994	0.964990544931165	0.526371983013503	1.55619410588406	-0.98407129345495	0.23393623953286	-1.10253461772975	1.3973676352928	-1.79788252874278	-1.92428267329732	3.47695988484026	1.05468048521184	1.29669947456568	-0.625469823305528	0.906336148252844	1.11296114322197	-3.67879130904164	-0.0299258164741332	0.0102467961862983	-0.091545038989612
Proteobacteria_bacterium_CAG_139	-0.360770865060788	1.60110056383668	-2.11846198914489	3.52153777174785	-0.377426086459309	1.27640219286384	1.73014870977827	0.692861088468427	1.61139997413764	0.453627488841968	0.517501546003457	0.275304449485702	1.15971512573638	-0.346040372645283	-0.570287170466535	0.415508527774364	-0.417616679649135	-0.595854952299435	0.548625145741555	-0.397264732247485	0.447172313877672	-1.48045463500811	1.59771331878697	-2.10620017931797	1.26509680451792	-0.462315361447898	1.93848792140904	-2.37932916589281	0.350388346472755	0.414277192654221	-0.379452049058662	-0.212082546270852	0.718018065206707	-0.377142210428636	0.191469688883184	1.13776561614525	2.98822162087475	0.115195493432111	-0.385643216197163	-0.183362671307155
Adlercreutzia_equolifaciens	-0.959670646764737	-0.47065123187245	-6.69202031968078	0.372484436558027	-2.15818536141887	-0.819546175447093	0.420885718826737	-4.77394717101873	-0.497220259696145	-0.261854686508221	-0.900792421839599	-1.11231164844139	-0.182328870120857	-2.12679964760485	-0.24970001226341	-0.796160649042577	-1.30206096855857	-0.310467182957966	-0.651571939996627	-2.01348306072344	-0.864904820969969	0.0369575506608401	-0.210759754159101	-0.126149317482486	-0.674972572904413	-0.546101819224922	-0.234489406891433	0.377698877377303	-0.861280830344185	-1.22138727038899	-1.99567037753461	-0.486161273039345	0.893052409403026	-2.1579014853882	2.22262616919553	-0.541304171118619	-4.44298865858998	-0.0237394499272341	0.212054224803329	0.226694590279034
Asaccharobacter_celatus	1.18243976058771	-0.233545333313357	-4.09732761261902	1.85116381880029	-2.04990279534832	0.704876499924077	-0.151175313230072	-3.02651684646428	1.17239936760078	3.48297002099987	2.48409648046696	0.053127778457565	-1.26254205924592	-2.01851708153429	4.49281102174843	-2.01978040812537	1.30576854260705	2.45655807915942	-0.0919755355633762	-3.18000723255266	-2.10382556920376	3.04661803306746	-0.17792878385548	1.89932564808987	0.167486032861884	0.46255882506791	-0.715061749764053	3.39110449842909	-2.08490058942698	1.77044045597514	-3.16219454936384	0.62888606258535	-0.0388026954606175	-2.04961891931764	2.03007336424863	0.998388975825427	-4.32813193861927	-0.183528114823275	0.269184721286625	0.202990597912243
Firmicutes_bacterium_CAG_170	1.64804662885477	-0.934536487030398	-1.51035179970703	2.04450445465877	-0.131309269461781	-1.22380922481118	0.241031981472458	2.0810917698878	-0.453763668030401	-0.632215761313481	1.1531348954221	-1.21883230121239	1.48065931576171	-0.0999235556477548	0.690802467409022	0.153909747023135	0.600917630512933	0.409543127453487	-0.933378967753794	-0.0539487881719002	0.443726122328371	-0.0171018057901944	0.707560029945723	1.78163794591092	0.540046176332648	1.37584843163911	0.369392488650712	3.36303094915846	0.0887895657215267	0.975713011326401	-0.036136104983078	1.4686917401185	2.67312962841243	-0.131025393431108	-1.32958577109301	-0.316626876625898	1.0248820536903	0.0155688293598359	-0.273752751176029	-0.233460531703063
Gordonibacter_pamelaeae	-0.544776363946897	0.794000267816175	-0.140833996514889	-1.66908563084767	-1.11770200589672	0.915524559769048	0.0725213060421603	-3.46624844436467	2.19886406829963	1.32602073930736	0.408800436117287	-0.397157537056046	0.108793715414192	-1.08631629208269	2.0080302333268	-0.35556949255988	-0.298570028822204	-0.344319164120991	0.663803015538308	-2.77553488147844	0.399487107941241	-1.04584593711687	-0.701679619826921	-1.29938786313869	1.95517226161402	-0.848914008088676	1.56056777065221	-1.17898955054781	-0.420689673861489	3.35997932821712	-2.75772219828962	-0.861284297026162	-0.643112351186574	-1.11741812986604	-0.245826388725878	2.57421025630486	-3.22516753737416	0.0290584147296613	-0.145101728264958	0.217363602348736
Bifidobacterium_pseudocatenulatum	0.55453603091051	1.7832156418091	-1.34541978714904	0.464256277607222	0.066481979098171	-2.640505117622	1.07441428995558	1.43568011458098	-0.548265629518677	-2.40596721387867	-0.248411970279579	1.8819602259864	2.54581017273345	0.097867692912197	-1.76306218152916	0.419195939321071	-0.461059741060516	-1.05727285083516	-0.46590777795687	0.662384377592908	0.493432342955202	-1.85434217391802	4.21470030876195	-1.39268889115192	2.09231664838236	-0.962908725686637	0.32569629376355	-2.21724029489061	0.354075758019462	0.103886720242112	0.680197060781731	-0.18159989646769	2.69169289898127	0.0667658551288436	-2.74628166390383	2.05305537578118	3.81286904747997	0.285119484397001	-0.753128262583882	-0.242839531174728
Parasutterella_excrementihominis	1.68347837152292	0.617445707154859	1.01631719591179	-0.139065393878679	0.648651333060116	-3.54044680043756	0.508421100143875	-1.18342225913823	-0.837869052380224	-2.8680486462212	0.156655860998269	2.43035514442818	1.80332703369537	1.97835999270735	-2.2698325539199	0.362506915349513	-0.761615581195136	-1.33189514216169	-0.585448290518668	3.58600066768538	0.492660731026263	-3.1543740743239	2.28527268501317	-1.56928887055255	4.37930556239527	-1.62375352854308	0.353423361234101	-2.99355526872179	0.297386734047905	2.07511084944209	3.55946558781268	-0.201559703863625	1.93220503162593	1.62068502145537	-3.64622334671939	0.8940499722625	-3.19192912642445	0.255177776547498	-0.566085787837177	-0.0654368038688387
Clostridium_disporicum	-0.249313815214139	-0.0905535520786154	1.66752276541748	2.1950897484286	-0.188119112048298	-1.28838674470483	-0.80479104125074	2.2628983938235	-0.329678137391706	-0.434743352899594	-0.470549898288612	-0.563386218858795	2.01524288433471	-0.156733398234272	0.316471037808307	2.01070414902642	2.32526200326226	2.31158742371814	-1.3358001665391	-2.09716750515093	-0.007346818158112	1.2629980331819	1.61323508354222	2.39753798558377	-0.97634104786474	2.31040551190797	1.36520591800633	1.04821614317396	2.41384735540487	-0.930757883487136	-2.0793548219621	1.00967367359304	-0.075251461006701	-0.187835236017626	-1.39416329098666	-0.793771877918126	-1.2707689053246	-0.0289386834629113	-0.15199062449184	-0.182192721537181
Haemophilus_sp_HMSC71H05	0.849714891336459	0.899123072457899	1.76381162526169	1.12465786032512	-1.03877043584362	-0.277933237400638	-2.51218017243913	2.97147936458766	1.04651912620674	-0.452956356773419	-1.45534311427868	-1.24968742044075	-1.54852693301759	-1.00738472202959	-2.01681822782432	0.0138152432627976	-1.26597411123969	-1.46128109034284	3.20954743463621	3.20533321964155	6.78184032435092	-2.2235240453322	-0.335980134882577	-2.3439699022565	2.74513598384302	-2.62326000208434	-0.968433822937576	-4.39115091271898	-0.0513049380388111	-0.193317058978469	1.70434159107806	-0.415060322798256	2.29823238682002	-1.03848655981294	0.0456121163276423	-2.50116100910652	-3.74367454115834	0.122091065379209	-0.316412123267323	-0.0030630167041506
Veillonella_atypica	-1.8816772538204	-0.295168221163164	2.48084542872467	2.13568874292209	0.0506408526562154	-0.458123979416476	-0.289478473897491	2.32563222284495	-0.157978687971731	-0.294875212678952	-0.205707119844322	-0.320919351888733	0.705886939939644	0.0820265664702414	4.48039823526467	-0.44676650641486	-0.24696744171836	-0.233243584000905	-0.834579690656808	0.280825832659113	0.0625480412927573	3.34971933426069	-0.811280938663133	-0.614701768616214	-0.0346378475244689	-0.775316755719749	0.149696816257866	-0.34287035323879	-0.511886687716469	5.40992939144573	0.131982535797371	1.58876309164667	-0.0659894431009889	0.050924728686888	-0.563900525698305	-0.278459310564878	-0.674576068563121	-0.146061931518489	0.0117129512384833	4.10739864621923e-05
Cyprinid_herpesvirus_3	-0.265653445102674	-0.427235320376764	2.67311749579468	-0.823112377597551	-0.104415683541447	-1.01494286700784	-0.679277159805809	1.97438497181117	-0.285112832277913	-0.457263835439725	-0.427348630569343	-0.486912163210945	-0.460342457118843	-0.0730299697274209	0.305011627617724	2.78336106659845	-0.34565667001464	0.189468235409419	-1.0913197503604	2.56956742870222	0.356843054243654	-1.36355848251177	-0.111823717929968	0.957562008639798	-0.743708887677972	1.38566424375001	0.889495108775528	1.853197613282	1.97277703718282	-0.751519087253005	1.79960733719469	-1.76870230964518	0.214321653358638	-0.104131807510774	-1.12071941328967	-0.668257996473195	-1.22149541441883	-0.0231410658598179	-0.228220196787983	0.19092643899577
Anaeromassilibacillus_sp_An250	0.678002015970248	0.011270105672468	4.47366986395874	-2.91628135152028	-0.302716432604939	-0.153964546766864	-1.71146937512926	1.5382533081907	1.5153859513105	-0.177623727092786	-1.23975919379986	-0.690542990578251	0.124434093412544	-0.271330718790913	-2.63279050832664	1.76544093014672	0.487720423062066	-0.238966076934178	2.63535228807554	-1.74465586078752	0.486010312983126	-2.33362979827715	-0.680267902888902	2.02843932225369	0.038472494501288	1.90429760938111	0.338980529956253	0.959948220772536	4.68024483160116	-2.96115982860127	-1.7268431775987	-2.12918094924784	-0.621700634248555	-0.302432556574266	0.989743788709997	-1.70045021179664	-1.59291102950062	0.136442299219198	-0.461445900027424	0.150987899729184
Rothia_mucilaginosa	-0.653691514112454	-1.01561144010962	-1.71560325501403	1.90333451546862	-0.343064604792744	0.702785688194646	-1.16128494643739	1.1020870589751	1.03115281036506	1.69813205980297	-0.778835425219898	-0.605280952764588	0.704373414096023	-0.311678890978718	2.47746664041603	-0.748415659647435	0.305204503853539	0.346712440884273	0.437440310307595	-0.880568994408739	0.192673847028345	0.277329403774015	0.0421204838374771	2.25690654828213	0.306163868326361	2.13718344693604	0.197974745683106	1.55188051752547	-0.813535840949044	2.71491418823799	-0.862756311219917	0.545862752877708	1.74529714416713	-0.342780728762071	1.17277415560758	-1.15026578310478	-0.957345271749156	-0.0305926127039129	-0.0397538415834008	-0.193672591022083
Firmicutes_bacterium_CAG_95	-1.35353122530172	-0.391463279890429	0.276255704183963	-2.90524543233083	-0.911191581282765	0.75258918360175	0.433992064957108	0.376575180246229	-0.165189359873433	-0.951735504636807	0.0943609605809408	0.793193412708206	-0.624510695758675	-0.879805867468739	-1.60715884214317	-0.809918175917119	0.827006631214837	0.857689828312557	1.16554800111875	2.55835651027571	0.24615105981502	-1.25683541236711	-0.951229545154222	1.26822785451077	-0.138109722715204	-0.860301654286949	-0.955361332245437	1.03840855650404	-0.875038357218727	-2.11210406154195	0.81046480007769	-1.82693175605631	-0.892662276513875	-0.910907705252092	1.4765932159332	-0.305564284357908	-2.86417605940785	0.0482700497232145	-0.0852249882861673	0.168773180672101
Actinomyces_sp_ICM47	-2.25522003946493	-1.57800245301665	-0.467997215966794	3.22306703619792	-0.0460476861335337	-0.746623558250056	-0.68991863408259	1.43913238580405	-0.314416055172582	-0.351121672163052	-0.500240640781288	-0.425646053863602	0.593250180062439	-0.0146619723195077	3.83366518968666	-1.0386005747132	-0.392803243677398	-0.0156541162370039	-0.889823642856624	-1.1803991926967	0.19443343574676	1.12691198648619	0.0055778745034851	1.72877291752957	0.0187704175893617	1.49351551061097	-0.203506256886093	4.01126245550612	-1.10372075601481	3.2987989154478	-1.16258650950788	-0.265054147757058	0.412966559641063	-0.0457638101028611	-0.852400104531885	-0.678899470749976	-0.138789439839976	-0.084388819304877	0.0778178848579825	-0.166041948965618
Coprobacter_secundus	-1.11081658182333	-0.760384202169787	2.18751380564728	1.28932963900401	0.0125089301727712	-1.1672676627308	1.03699258661696	0.613114842130537	-0.470547427028318	-0.862518192002816	0.640191150762673	1.92177493660347	0.960166762050773	0.0438946439867972	-0.72541064268028	0.0220688474364579	-0.611170969288131	-0.646046576389511	-0.625986959151175	1.65919040309797	0.489770173975558	-0.43465186296297	-1.49302211669887	-0.631649902323261	0.205961307901557	-1.13062773222503	-0.457738603897659	-1.18041332669756	-0.0430513338651508	-0.855968597827346	3.83127445049883	2.91149242588186	-1.43445484805852	0.0127928062034438	-1.27304420901263	3.05470117923271	-1.92325904433216	0.0546011358819669	-0.247367950503498	-0.00250648813588278
Bifidobacterium_catenulatum	2.15254415693094	-0.0686646701568472	-2.04681172249756	0.413520088718672	-0.376237569842488	-1.25744907304345	-0.758320041533027	3.2824866258639	-0.349688325613637	-0.380676069030804	-0.400750862501029	-0.58706192137106	0.00475806969084913	-0.344851856028462	1.14528500789727	0.0371706006117165	0.602103762943963	0.935378999149959	-1.32898976962939	-0.679370178109301	5.31136894220981	0.553535941855184	2.03257354827916	0.484393158694729	0.300611338037665	1.86342479710999	0.916626964263352	1.48518744997481	-0.0279495806898922	1.21497356564006	-0.661557494920479	1.24214955040121	-0.332129959948361	-0.375953693811815	-1.36322561932528	-0.747300878200414	-0.814323688192027	-0.0667188398219878	-0.187279196803242	-0.247824558189937
Romboutsia_ilealis	-0.462283297159177	-0.331659689711939	-2.92714967606506	1.52155162982776	-0.993323682341725	-1.13451204940377	-0.532588504787002	3.70349032516658	-0.174856667011876	-0.290626325378461	-0.19478218450344	-0.575515942884522	-2.67721574527345	-0.961937968527699	1.37920504564369	-1.94386685965583	-0.738056144993087	1.53887972298877	-1.50113871257677	-0.878824604874743	-1.70630538468686	4.61150674881147	-0.655698778905519	-0.695172062376514	-1.20097664890844	1.34495570187989	-0.33495747620639	1.91108206800917	-2.00898704095744	-0.043043497500808	-1.31726735762952	1.3403848595252	-1.32617919612676	-0.993039806311052	-1.2402885956856	-0.521569341454389	-1.13502051894154	-0.342512060669833	0.45676404016766	-0.27355572315199
