Run,LibraryName
ERR2198621,G38848
ERR2198622,G38849
ERR2198623,G38850
ERR2198624,G38851
ERR2198625,G38852
ERR2198626,G38853
ERR2198627,G38854
ERR2198628,G38855
ERR2198629,G38856
ERR2198630,G38857
ERR2198631,G38858
ERR2198632,G38859
ERR2198633,G38860
ERR2198634,G38861
ERR2198635,G38862
ERR2198636,G48189
ERR2198637,G48190
ERR2198638,G48191
ERR2198639,G48192
ERR2198640,G48193
ERR2198641,G48194
ERR2198642,G48195
ERR2198643,G48196
ERR2198644,G48197
ERR2198645,G48198
ERR2198646,G48199
ERR2198647,G48200
ERR2198648,G48201
ERR2198649,G48202
ERR2198650,G48203
ERR2198651,G48204
ERR2198652,G48205
ERR2198653,G48206
ERR2198654,G48207
ERR2198655,G48208
ERR2198656,G48209
ERR2198657,G48210
ERR2198658,G48211
ERR2198659,G48212
ERR2198660,G48213
ERR2198661,G48214
ERR2198662,G48215
ERR2198663,G48216
ERR2198664,G48217
ERR2198665,G48218
ERR2198666,G48219
ERR2198667,G48220
ERR2198668,G48221
ERR2198669,G48222
ERR2198670,G48223
ERR2198671,G48224
ERR2198672,G48225
ERR2198673,G48226
ERR2198674,G48227
ERR2198675,G48228
ERR2198676,G48229
ERR2198677,G48230
ERR2198678,G48231
ERR2198679,G48232
ERR2198680,G48233
ERR2198681,G48234
ERR2198682,G48235
ERR2198683,G48236
ERR2198684,G48237
ERR2198685,G48238
ERR2198686,G48239
ERR2198687,G48240
ERR2198688,G48241
ERR2198689,G48242
ERR2198690,G48243
ERR2198691,G48244
ERR2198692,G48245
ERR2198693,G48246
ERR2198694,G48247
ERR2198695,G48248
ERR2198696,G48249
ERR2198697,G48250
ERR2198698,G48251
ERR2198699,G48252
ERR2198700,G48253
ERR2198701,G48254
ERR2198702,G48255
ERR2198703,G48256
ERR2198704,G48257
ERR2198705,G48258
ERR2198706,G48259
ERR2198707,G48260
ERR2198708,G48261
ERR2198709,G48262
ERR2198710,G48263
ERR2198711,G48264
ERR2198712,G48265
ERR2198713,G48266
ERR2198714,G48267
ERR2198715,G48268
ERR2198716,G48269
ERR2198717,G48270
ERR2198718,G48271
ERR2198719,G48272
ERR2198720,G48273
ERR2198611,G38838
ERR2198612,G38839
ERR2198613,G38840
ERR2198614,G38841
ERR2198615,G38842
ERR2198616,G38843
ERR2198617,G38844
ERR2198618,G38845
ERR2198619,G38846
ERR2198620,G38847
